TEAM,YEAR,LEAGUE,DIVISION,PIT_TEAM,PIT_LEAGUE,PIT_DIVISION,PIT_LG_DIV,BAT_TEAM,BAT_LEAGUE,BAT_DIVISION,BAT_LG_DIV
ANA,1969,AL,West,ANA,AL,West,AL - West,ANA,AL,West,AL - West
ANA,1970,AL,West,ANA,AL,West,AL - West,ANA,AL,West,AL - West
ANA,1971,AL,West,ANA,AL,West,AL - West,ANA,AL,West,AL - West
ANA,1972,AL,West,ANA,AL,West,AL - West,ANA,AL,West,AL - West
ANA,1973,AL,West,ANA,AL,West,AL - West,ANA,AL,West,AL - West
ANA,1974,AL,West,ANA,AL,West,AL - West,ANA,AL,West,AL - West
ANA,1975,AL,West,ANA,AL,West,AL - West,ANA,AL,West,AL - West
ANA,1976,AL,West,ANA,AL,West,AL - West,ANA,AL,West,AL - West
ANA,1977,AL,West,ANA,AL,West,AL - West,ANA,AL,West,AL - West
ANA,1978,AL,West,ANA,AL,West,AL - West,ANA,AL,West,AL - West
ANA,1979,AL,West,ANA,AL,West,AL - West,ANA,AL,West,AL - West
ANA,1980,AL,West,ANA,AL,West,AL - West,ANA,AL,West,AL - West
ANA,1981,AL,West,ANA,AL,West,AL - West,ANA,AL,West,AL - West
ANA,1982,AL,West,ANA,AL,West,AL - West,ANA,AL,West,AL - West
ANA,1983,AL,West,ANA,AL,West,AL - West,ANA,AL,West,AL - West
ANA,1984,AL,West,ANA,AL,West,AL - West,ANA,AL,West,AL - West
ANA,1985,AL,West,ANA,AL,West,AL - West,ANA,AL,West,AL - West
ANA,1986,AL,West,ANA,AL,West,AL - West,ANA,AL,West,AL - West
ANA,1987,AL,West,ANA,AL,West,AL - West,ANA,AL,West,AL - West
ANA,1988,AL,West,ANA,AL,West,AL - West,ANA,AL,West,AL - West
ANA,1989,AL,West,ANA,AL,West,AL - West,ANA,AL,West,AL - West
ANA,1990,AL,West,ANA,AL,West,AL - West,ANA,AL,West,AL - West
ANA,1991,AL,West,ANA,AL,West,AL - West,ANA,AL,West,AL - West
ANA,1992,AL,West,ANA,AL,West,AL - West,ANA,AL,West,AL - West
ANA,1993,AL,West,ANA,AL,West,AL - West,ANA,AL,West,AL - West
ANA,1994,AL,West,ANA,AL,West,AL - West,ANA,AL,West,AL - West
ANA,1995,AL,West,ANA,AL,West,AL - West,ANA,AL,West,AL - West
ANA,1996,AL,West,ANA,AL,West,AL - West,ANA,AL,West,AL - West
ANA,1997,AL,West,ANA,AL,West,AL - West,ANA,AL,West,AL - West
ANA,1998,AL,West,ANA,AL,West,AL - West,ANA,AL,West,AL - West
ANA,1999,AL,West,ANA,AL,West,AL - West,ANA,AL,West,AL - West
ANA,2000,AL,West,ANA,AL,West,AL - West,ANA,AL,West,AL - West
ANA,2001,AL,West,ANA,AL,West,AL - West,ANA,AL,West,AL - West
ANA,2002,AL,West,ANA,AL,West,AL - West,ANA,AL,West,AL - West
ANA,2003,AL,West,ANA,AL,West,AL - West,ANA,AL,West,AL - West
ANA,2004,AL,West,ANA,AL,West,AL - West,ANA,AL,West,AL - West
ANA,2005,AL,West,ANA,AL,West,AL - West,ANA,AL,West,AL - West
ANA,2006,AL,West,ANA,AL,West,AL - West,ANA,AL,West,AL - West
ANA,2007,AL,West,ANA,AL,West,AL - West,ANA,AL,West,AL - West
ANA,2008,AL,West,ANA,AL,West,AL - West,ANA,AL,West,AL - West
ANA,2009,AL,West,ANA,AL,West,AL - West,ANA,AL,West,AL - West
ANA,2010,AL,West,ANA,AL,West,AL - West,ANA,AL,West,AL - West
ANA,2011,AL,West,ANA,AL,West,AL - West,ANA,AL,West,AL - West
ANA,2012,AL,West,ANA,AL,West,AL - West,ANA,AL,West,AL - West
ANA,2013,AL,West,ANA,AL,West,AL - West,ANA,AL,West,AL - West
ANA,2014,AL,West,ANA,AL,West,AL - West,ANA,AL,West,AL - West
ANA,2015,AL,West,ANA,AL,West,AL - West,ANA,AL,West,AL - West
ANA,2016,AL,West,ANA,AL,West,AL - West,ANA,AL,West,AL - West
ANA,2017,AL,West,ANA,AL,West,AL - West,ANA,AL,West,AL - West
ANA,2018,AL,West,ANA,AL,West,AL - West,ANA,AL,West,AL - West
ANA,2019,AL,West,ANA,AL,West,AL - West,ANA,AL,West,AL - West
ARI,1998,NL,West,ARI,NL,West,NL - West,ARI,NL,West,NL - West
ARI,1999,NL,West,ARI,NL,West,NL - West,ARI,NL,West,NL - West
ARI,2000,NL,West,ARI,NL,West,NL - West,ARI,NL,West,NL - West
ARI,2001,NL,West,ARI,NL,West,NL - West,ARI,NL,West,NL - West
ARI,2002,NL,West,ARI,NL,West,NL - West,ARI,NL,West,NL - West
ARI,2003,NL,West,ARI,NL,West,NL - West,ARI,NL,West,NL - West
ARI,2004,NL,West,ARI,NL,West,NL - West,ARI,NL,West,NL - West
ARI,2005,NL,West,ARI,NL,West,NL - West,ARI,NL,West,NL - West
ARI,2006,NL,West,ARI,NL,West,NL - West,ARI,NL,West,NL - West
ARI,2007,NL,West,ARI,NL,West,NL - West,ARI,NL,West,NL - West
ARI,2008,NL,West,ARI,NL,West,NL - West,ARI,NL,West,NL - West
ARI,2009,NL,West,ARI,NL,West,NL - West,ARI,NL,West,NL - West
ARI,2010,NL,West,ARI,NL,West,NL - West,ARI,NL,West,NL - West
ARI,2011,NL,West,ARI,NL,West,NL - West,ARI,NL,West,NL - West
ARI,2012,NL,West,ARI,NL,West,NL - West,ARI,NL,West,NL - West
ARI,2013,NL,West,ARI,NL,West,NL - West,ARI,NL,West,NL - West
ARI,2014,NL,West,ARI,NL,West,NL - West,ARI,NL,West,NL - West
ARI,2015,NL,West,ARI,NL,West,NL - West,ARI,NL,West,NL - West
ARI,2016,NL,West,ARI,NL,West,NL - West,ARI,NL,West,NL - West
ARI,2017,NL,West,ARI,NL,West,NL - West,ARI,NL,West,NL - West
ARI,2018,NL,West,ARI,NL,West,NL - West,ARI,NL,West,NL - West
ARI,2019,NL,West,ARI,NL,West,NL - West,ARI,NL,West,NL - West
ATL,1969,NL,West,ATL,NL,West,NL - West,ATL,NL,West,NL - West
ATL,1970,NL,West,ATL,NL,West,NL - West,ATL,NL,West,NL - West
ATL,1971,NL,West,ATL,NL,West,NL - West,ATL,NL,West,NL - West
ATL,1972,NL,West,ATL,NL,West,NL - West,ATL,NL,West,NL - West
ATL,1973,NL,West,ATL,NL,West,NL - West,ATL,NL,West,NL - West
ATL,1974,NL,West,ATL,NL,West,NL - West,ATL,NL,West,NL - West
ATL,1975,NL,West,ATL,NL,West,NL - West,ATL,NL,West,NL - West
ATL,1976,NL,West,ATL,NL,West,NL - West,ATL,NL,West,NL - West
ATL,1977,NL,West,ATL,NL,West,NL - West,ATL,NL,West,NL - West
ATL,1978,NL,West,ATL,NL,West,NL - West,ATL,NL,West,NL - West
ATL,1979,NL,West,ATL,NL,West,NL - West,ATL,NL,West,NL - West
ATL,1980,NL,West,ATL,NL,West,NL - West,ATL,NL,West,NL - West
ATL,1981,NL,West,ATL,NL,West,NL - West,ATL,NL,West,NL - West
ATL,1982,NL,West,ATL,NL,West,NL - West,ATL,NL,West,NL - West
ATL,1983,NL,West,ATL,NL,West,NL - West,ATL,NL,West,NL - West
ATL,1984,NL,West,ATL,NL,West,NL - West,ATL,NL,West,NL - West
ATL,1985,NL,West,ATL,NL,West,NL - West,ATL,NL,West,NL - West
ATL,1986,NL,West,ATL,NL,West,NL - West,ATL,NL,West,NL - West
ATL,1987,NL,West,ATL,NL,West,NL - West,ATL,NL,West,NL - West
ATL,1988,NL,West,ATL,NL,West,NL - West,ATL,NL,West,NL - West
ATL,1989,NL,West,ATL,NL,West,NL - West,ATL,NL,West,NL - West
ATL,1990,NL,West,ATL,NL,West,NL - West,ATL,NL,West,NL - West
ATL,1991,NL,West,ATL,NL,West,NL - West,ATL,NL,West,NL - West
ATL,1992,NL,West,ATL,NL,West,NL - West,ATL,NL,West,NL - West
ATL,1993,NL,West,ATL,NL,West,NL - West,ATL,NL,West,NL - West
ATL,1994,NL,East,ATL,NL,East,NL - East,ATL,NL,East,NL - East
ATL,1995,NL,East,ATL,NL,East,NL - East,ATL,NL,East,NL - East
ATL,1996,NL,East,ATL,NL,East,NL - East,ATL,NL,East,NL - East
ATL,1997,NL,East,ATL,NL,East,NL - East,ATL,NL,East,NL - East
ATL,1998,NL,East,ATL,NL,East,NL - East,ATL,NL,East,NL - East
ATL,1999,NL,East,ATL,NL,East,NL - East,ATL,NL,East,NL - East
ATL,2000,NL,East,ATL,NL,East,NL - East,ATL,NL,East,NL - East
ATL,2001,NL,East,ATL,NL,East,NL - East,ATL,NL,East,NL - East
ATL,2002,NL,East,ATL,NL,East,NL - East,ATL,NL,East,NL - East
ATL,2003,NL,East,ATL,NL,East,NL - East,ATL,NL,East,NL - East
ATL,2004,NL,East,ATL,NL,East,NL - East,ATL,NL,East,NL - East
ATL,2005,NL,East,ATL,NL,East,NL - East,ATL,NL,East,NL - East
ATL,2006,NL,East,ATL,NL,East,NL - East,ATL,NL,East,NL - East
ATL,2007,NL,East,ATL,NL,East,NL - East,ATL,NL,East,NL - East
ATL,2008,NL,East,ATL,NL,East,NL - East,ATL,NL,East,NL - East
ATL,2009,NL,East,ATL,NL,East,NL - East,ATL,NL,East,NL - East
ATL,2010,NL,East,ATL,NL,East,NL - East,ATL,NL,East,NL - East
ATL,2011,NL,East,ATL,NL,East,NL - East,ATL,NL,East,NL - East
ATL,2012,NL,East,ATL,NL,East,NL - East,ATL,NL,East,NL - East
ATL,2013,NL,East,ATL,NL,East,NL - East,ATL,NL,East,NL - East
ATL,2014,NL,East,ATL,NL,East,NL - East,ATL,NL,East,NL - East
ATL,2015,NL,East,ATL,NL,East,NL - East,ATL,NL,East,NL - East
ATL,2016,NL,East,ATL,NL,East,NL - East,ATL,NL,East,NL - East
ATL,2017,NL,East,ATL,NL,East,NL - East,ATL,NL,East,NL - East
ATL,2018,NL,East,ATL,NL,East,NL - East,ATL,NL,East,NL - East
ATL,2019,NL,East,ATL,NL,East,NL - East,ATL,NL,East,NL - East
BAL,1969,AL,East,BAL,AL,East,AL - East,BAL,AL,East,AL - East
BAL,1970,AL,East,BAL,AL,East,AL - East,BAL,AL,East,AL - East
BAL,1971,AL,East,BAL,AL,East,AL - East,BAL,AL,East,AL - East
BAL,1972,AL,East,BAL,AL,East,AL - East,BAL,AL,East,AL - East
BAL,1973,AL,East,BAL,AL,East,AL - East,BAL,AL,East,AL - East
BAL,1974,AL,East,BAL,AL,East,AL - East,BAL,AL,East,AL - East
BAL,1975,AL,East,BAL,AL,East,AL - East,BAL,AL,East,AL - East
BAL,1976,AL,East,BAL,AL,East,AL - East,BAL,AL,East,AL - East
BAL,1977,AL,East,BAL,AL,East,AL - East,BAL,AL,East,AL - East
BAL,1978,AL,East,BAL,AL,East,AL - East,BAL,AL,East,AL - East
BAL,1979,AL,East,BAL,AL,East,AL - East,BAL,AL,East,AL - East
BAL,1980,AL,East,BAL,AL,East,AL - East,BAL,AL,East,AL - East
BAL,1981,AL,East,BAL,AL,East,AL - East,BAL,AL,East,AL - East
BAL,1982,AL,East,BAL,AL,East,AL - East,BAL,AL,East,AL - East
BAL,1983,AL,East,BAL,AL,East,AL - East,BAL,AL,East,AL - East
BAL,1984,AL,East,BAL,AL,East,AL - East,BAL,AL,East,AL - East
BAL,1985,AL,East,BAL,AL,East,AL - East,BAL,AL,East,AL - East
BAL,1986,AL,East,BAL,AL,East,AL - East,BAL,AL,East,AL - East
BAL,1987,AL,East,BAL,AL,East,AL - East,BAL,AL,East,AL - East
BAL,1988,AL,East,BAL,AL,East,AL - East,BAL,AL,East,AL - East
BAL,1989,AL,East,BAL,AL,East,AL - East,BAL,AL,East,AL - East
BAL,1990,AL,East,BAL,AL,East,AL - East,BAL,AL,East,AL - East
BAL,1991,AL,East,BAL,AL,East,AL - East,BAL,AL,East,AL - East
BAL,1992,AL,East,BAL,AL,East,AL - East,BAL,AL,East,AL - East
BAL,1993,AL,East,BAL,AL,East,AL - East,BAL,AL,East,AL - East
BAL,1994,AL,East,BAL,AL,East,AL - East,BAL,AL,East,AL - East
BAL,1995,AL,East,BAL,AL,East,AL - East,BAL,AL,East,AL - East
BAL,1996,AL,East,BAL,AL,East,AL - East,BAL,AL,East,AL - East
BAL,1997,AL,East,BAL,AL,East,AL - East,BAL,AL,East,AL - East
BAL,1998,AL,East,BAL,AL,East,AL - East,BAL,AL,East,AL - East
BAL,1999,AL,East,BAL,AL,East,AL - East,BAL,AL,East,AL - East
BAL,2000,AL,East,BAL,AL,East,AL - East,BAL,AL,East,AL - East
BAL,2001,AL,East,BAL,AL,East,AL - East,BAL,AL,East,AL - East
BAL,2002,AL,East,BAL,AL,East,AL - East,BAL,AL,East,AL - East
BAL,2003,AL,East,BAL,AL,East,AL - East,BAL,AL,East,AL - East
BAL,2004,AL,East,BAL,AL,East,AL - East,BAL,AL,East,AL - East
BAL,2005,AL,East,BAL,AL,East,AL - East,BAL,AL,East,AL - East
BAL,2006,AL,East,BAL,AL,East,AL - East,BAL,AL,East,AL - East
BAL,2007,AL,East,BAL,AL,East,AL - East,BAL,AL,East,AL - East
BAL,2008,AL,East,BAL,AL,East,AL - East,BAL,AL,East,AL - East
BAL,2009,AL,East,BAL,AL,East,AL - East,BAL,AL,East,AL - East
BAL,2010,AL,East,BAL,AL,East,AL - East,BAL,AL,East,AL - East
BAL,2011,AL,East,BAL,AL,East,AL - East,BAL,AL,East,AL - East
BAL,2012,AL,East,BAL,AL,East,AL - East,BAL,AL,East,AL - East
BAL,2013,AL,East,BAL,AL,East,AL - East,BAL,AL,East,AL - East
BAL,2014,AL,East,BAL,AL,East,AL - East,BAL,AL,East,AL - East
BAL,2015,AL,East,BAL,AL,East,AL - East,BAL,AL,East,AL - East
BAL,2016,AL,East,BAL,AL,East,AL - East,BAL,AL,East,AL - East
BAL,2017,AL,East,BAL,AL,East,AL - East,BAL,AL,East,AL - East
BAL,2018,AL,East,BAL,AL,East,AL - East,BAL,AL,East,AL - East
BAL,2019,AL,East,BAL,AL,East,AL - East,BAL,AL,East,AL - East
BOS,1969,AL,East,BOS,AL,East,AL - East,BOS,AL,East,AL - East
BOS,1970,AL,East,BOS,AL,East,AL - East,BOS,AL,East,AL - East
BOS,1971,AL,East,BOS,AL,East,AL - East,BOS,AL,East,AL - East
BOS,1972,AL,East,BOS,AL,East,AL - East,BOS,AL,East,AL - East
BOS,1973,AL,East,BOS,AL,East,AL - East,BOS,AL,East,AL - East
BOS,1974,AL,East,BOS,AL,East,AL - East,BOS,AL,East,AL - East
BOS,1975,AL,East,BOS,AL,East,AL - East,BOS,AL,East,AL - East
BOS,1976,AL,East,BOS,AL,East,AL - East,BOS,AL,East,AL - East
BOS,1977,AL,East,BOS,AL,East,AL - East,BOS,AL,East,AL - East
BOS,1978,AL,East,BOS,AL,East,AL - East,BOS,AL,East,AL - East
BOS,1979,AL,East,BOS,AL,East,AL - East,BOS,AL,East,AL - East
BOS,1980,AL,East,BOS,AL,East,AL - East,BOS,AL,East,AL - East
BOS,1981,AL,East,BOS,AL,East,AL - East,BOS,AL,East,AL - East
BOS,1982,AL,East,BOS,AL,East,AL - East,BOS,AL,East,AL - East
BOS,1983,AL,East,BOS,AL,East,AL - East,BOS,AL,East,AL - East
BOS,1984,AL,East,BOS,AL,East,AL - East,BOS,AL,East,AL - East
BOS,1985,AL,East,BOS,AL,East,AL - East,BOS,AL,East,AL - East
BOS,1986,AL,East,BOS,AL,East,AL - East,BOS,AL,East,AL - East
BOS,1987,AL,East,BOS,AL,East,AL - East,BOS,AL,East,AL - East
BOS,1988,AL,East,BOS,AL,East,AL - East,BOS,AL,East,AL - East
BOS,1989,AL,East,BOS,AL,East,AL - East,BOS,AL,East,AL - East
BOS,1990,AL,East,BOS,AL,East,AL - East,BOS,AL,East,AL - East
BOS,1991,AL,East,BOS,AL,East,AL - East,BOS,AL,East,AL - East
BOS,1992,AL,East,BOS,AL,East,AL - East,BOS,AL,East,AL - East
BOS,1993,AL,East,BOS,AL,East,AL - East,BOS,AL,East,AL - East
BOS,1994,AL,East,BOS,AL,East,AL - East,BOS,AL,East,AL - East
BOS,1995,AL,East,BOS,AL,East,AL - East,BOS,AL,East,AL - East
BOS,1996,AL,East,BOS,AL,East,AL - East,BOS,AL,East,AL - East
BOS,1997,AL,East,BOS,AL,East,AL - East,BOS,AL,East,AL - East
BOS,1998,AL,East,BOS,AL,East,AL - East,BOS,AL,East,AL - East
BOS,1999,AL,East,BOS,AL,East,AL - East,BOS,AL,East,AL - East
BOS,2000,AL,East,BOS,AL,East,AL - East,BOS,AL,East,AL - East
BOS,2001,AL,East,BOS,AL,East,AL - East,BOS,AL,East,AL - East
BOS,2002,AL,East,BOS,AL,East,AL - East,BOS,AL,East,AL - East
BOS,2003,AL,East,BOS,AL,East,AL - East,BOS,AL,East,AL - East
BOS,2004,AL,East,BOS,AL,East,AL - East,BOS,AL,East,AL - East
BOS,2005,AL,East,BOS,AL,East,AL - East,BOS,AL,East,AL - East
BOS,2006,AL,East,BOS,AL,East,AL - East,BOS,AL,East,AL - East
BOS,2007,AL,East,BOS,AL,East,AL - East,BOS,AL,East,AL - East
BOS,2008,AL,East,BOS,AL,East,AL - East,BOS,AL,East,AL - East
BOS,2009,AL,East,BOS,AL,East,AL - East,BOS,AL,East,AL - East
BOS,2010,AL,East,BOS,AL,East,AL - East,BOS,AL,East,AL - East
BOS,2011,AL,East,BOS,AL,East,AL - East,BOS,AL,East,AL - East
BOS,2012,AL,East,BOS,AL,East,AL - East,BOS,AL,East,AL - East
BOS,2013,AL,East,BOS,AL,East,AL - East,BOS,AL,East,AL - East
BOS,2014,AL,East,BOS,AL,East,AL - East,BOS,AL,East,AL - East
BOS,2015,AL,East,BOS,AL,East,AL - East,BOS,AL,East,AL - East
BOS,2016,AL,East,BOS,AL,East,AL - East,BOS,AL,East,AL - East
BOS,2017,AL,East,BOS,AL,East,AL - East,BOS,AL,East,AL - East
BOS,2018,AL,East,BOS,AL,East,AL - East,BOS,AL,East,AL - East
BOS,2019,AL,East,BOS,AL,East,AL - East,BOS,AL,East,AL - East
CHA,1969,AL,West,CHA,AL,West,AL - West,CHA,AL,West,AL - West
CHA,1970,AL,West,CHA,AL,West,AL - West,CHA,AL,West,AL - West
CHA,1971,AL,West,CHA,AL,West,AL - West,CHA,AL,West,AL - West
CHA,1972,AL,West,CHA,AL,West,AL - West,CHA,AL,West,AL - West
CHA,1973,AL,West,CHA,AL,West,AL - West,CHA,AL,West,AL - West
CHA,1974,AL,West,CHA,AL,West,AL - West,CHA,AL,West,AL - West
CHA,1975,AL,West,CHA,AL,West,AL - West,CHA,AL,West,AL - West
CHA,1976,AL,West,CHA,AL,West,AL - West,CHA,AL,West,AL - West
CHA,1977,AL,West,CHA,AL,West,AL - West,CHA,AL,West,AL - West
CHA,1978,AL,West,CHA,AL,West,AL - West,CHA,AL,West,AL - West
CHA,1979,AL,West,CHA,AL,West,AL - West,CHA,AL,West,AL - West
CHA,1980,AL,West,CHA,AL,West,AL - West,CHA,AL,West,AL - West
CHA,1981,AL,West,CHA,AL,West,AL - West,CHA,AL,West,AL - West
CHA,1982,AL,West,CHA,AL,West,AL - West,CHA,AL,West,AL - West
CHA,1983,AL,West,CHA,AL,West,AL - West,CHA,AL,West,AL - West
CHA,1984,AL,West,CHA,AL,West,AL - West,CHA,AL,West,AL - West
CHA,1985,AL,West,CHA,AL,West,AL - West,CHA,AL,West,AL - West
CHA,1986,AL,West,CHA,AL,West,AL - West,CHA,AL,West,AL - West
CHA,1987,AL,West,CHA,AL,West,AL - West,CHA,AL,West,AL - West
CHA,1988,AL,West,CHA,AL,West,AL - West,CHA,AL,West,AL - West
CHA,1989,AL,West,CHA,AL,West,AL - West,CHA,AL,West,AL - West
CHA,1990,AL,West,CHA,AL,West,AL - West,CHA,AL,West,AL - West
CHA,1991,AL,West,CHA,AL,West,AL - West,CHA,AL,West,AL - West
CHA,1992,AL,West,CHA,AL,West,AL - West,CHA,AL,West,AL - West
CHA,1993,AL,West,CHA,AL,West,AL - West,CHA,AL,West,AL - West
CHA,1994,AL,Central,CHA,AL,Central,AL - Central,CHA,AL,Central,AL - Central
CHA,1995,AL,Central,CHA,AL,Central,AL - Central,CHA,AL,Central,AL - Central
CHA,1996,AL,Central,CHA,AL,Central,AL - Central,CHA,AL,Central,AL - Central
CHA,1997,AL,Central,CHA,AL,Central,AL - Central,CHA,AL,Central,AL - Central
CHA,1998,AL,Central,CHA,AL,Central,AL - Central,CHA,AL,Central,AL - Central
CHA,1999,AL,Central,CHA,AL,Central,AL - Central,CHA,AL,Central,AL - Central
CHA,2000,AL,Central,CHA,AL,Central,AL - Central,CHA,AL,Central,AL - Central
CHA,2001,AL,Central,CHA,AL,Central,AL - Central,CHA,AL,Central,AL - Central
CHA,2002,AL,Central,CHA,AL,Central,AL - Central,CHA,AL,Central,AL - Central
CHA,2003,AL,Central,CHA,AL,Central,AL - Central,CHA,AL,Central,AL - Central
CHA,2004,AL,Central,CHA,AL,Central,AL - Central,CHA,AL,Central,AL - Central
CHA,2005,AL,Central,CHA,AL,Central,AL - Central,CHA,AL,Central,AL - Central
CHA,2006,AL,Central,CHA,AL,Central,AL - Central,CHA,AL,Central,AL - Central
CHA,2007,AL,Central,CHA,AL,Central,AL - Central,CHA,AL,Central,AL - Central
CHA,2008,AL,Central,CHA,AL,Central,AL - Central,CHA,AL,Central,AL - Central
CHA,2009,AL,Central,CHA,AL,Central,AL - Central,CHA,AL,Central,AL - Central
CHA,2010,AL,Central,CHA,AL,Central,AL - Central,CHA,AL,Central,AL - Central
CHA,2011,AL,Central,CHA,AL,Central,AL - Central,CHA,AL,Central,AL - Central
CHA,2012,AL,Central,CHA,AL,Central,AL - Central,CHA,AL,Central,AL - Central
CHA,2013,AL,Central,CHA,AL,Central,AL - Central,CHA,AL,Central,AL - Central
CHA,2014,AL,Central,CHA,AL,Central,AL - Central,CHA,AL,Central,AL - Central
CHA,2015,AL,Central,CHA,AL,Central,AL - Central,CHA,AL,Central,AL - Central
CHA,2016,AL,Central,CHA,AL,Central,AL - Central,CHA,AL,Central,AL - Central
CHA,2017,AL,Central,CHA,AL,Central,AL - Central,CHA,AL,Central,AL - Central
CHA,2018,AL,Central,CHA,AL,Central,AL - Central,CHA,AL,Central,AL - Central
CHA,2019,AL,Central,CHA,AL,Central,AL - Central,CHA,AL,Central,AL - Central
CHN,1969,NL,East,CHN,NL,East,NL - East,CHN,NL,East,NL - East
CHN,1970,NL,East,CHN,NL,East,NL - East,CHN,NL,East,NL - East
CHN,1971,NL,East,CHN,NL,East,NL - East,CHN,NL,East,NL - East
CHN,1972,NL,East,CHN,NL,East,NL - East,CHN,NL,East,NL - East
CHN,1973,NL,East,CHN,NL,East,NL - East,CHN,NL,East,NL - East
CHN,1974,NL,East,CHN,NL,East,NL - East,CHN,NL,East,NL - East
CHN,1975,NL,East,CHN,NL,East,NL - East,CHN,NL,East,NL - East
CHN,1976,NL,East,CHN,NL,East,NL - East,CHN,NL,East,NL - East
CHN,1977,NL,East,CHN,NL,East,NL - East,CHN,NL,East,NL - East
CHN,1978,NL,East,CHN,NL,East,NL - East,CHN,NL,East,NL - East
CHN,1979,NL,East,CHN,NL,East,NL - East,CHN,NL,East,NL - East
CHN,1980,NL,East,CHN,NL,East,NL - East,CHN,NL,East,NL - East
CHN,1981,NL,East,CHN,NL,East,NL - East,CHN,NL,East,NL - East
CHN,1982,NL,East,CHN,NL,East,NL - East,CHN,NL,East,NL - East
CHN,1983,NL,East,CHN,NL,East,NL - East,CHN,NL,East,NL - East
CHN,1984,NL,East,CHN,NL,East,NL - East,CHN,NL,East,NL - East
CHN,1985,NL,East,CHN,NL,East,NL - East,CHN,NL,East,NL - East
CHN,1986,NL,East,CHN,NL,East,NL - East,CHN,NL,East,NL - East
CHN,1987,NL,East,CHN,NL,East,NL - East,CHN,NL,East,NL - East
CHN,1988,NL,East,CHN,NL,East,NL - East,CHN,NL,East,NL - East
CHN,1989,NL,East,CHN,NL,East,NL - East,CHN,NL,East,NL - East
CHN,1990,NL,East,CHN,NL,East,NL - East,CHN,NL,East,NL - East
CHN,1991,NL,East,CHN,NL,East,NL - East,CHN,NL,East,NL - East
CHN,1992,NL,East,CHN,NL,East,NL - East,CHN,NL,East,NL - East
CHN,1993,NL,East,CHN,NL,East,NL - East,CHN,NL,East,NL - East
CHN,1994,NL,Central,CHN,NL,Central,NL - Central,CHN,NL,Central,NL - Central
CHN,1995,NL,Central,CHN,NL,Central,NL - Central,CHN,NL,Central,NL - Central
CHN,1996,NL,Central,CHN,NL,Central,NL - Central,CHN,NL,Central,NL - Central
CHN,1997,NL,Central,CHN,NL,Central,NL - Central,CHN,NL,Central,NL - Central
CHN,1998,NL,Central,CHN,NL,Central,NL - Central,CHN,NL,Central,NL - Central
CHN,1999,NL,Central,CHN,NL,Central,NL - Central,CHN,NL,Central,NL - Central
CHN,2000,NL,Central,CHN,NL,Central,NL - Central,CHN,NL,Central,NL - Central
CHN,2001,NL,Central,CHN,NL,Central,NL - Central,CHN,NL,Central,NL - Central
CHN,2002,NL,Central,CHN,NL,Central,NL - Central,CHN,NL,Central,NL - Central
CHN,2003,NL,Central,CHN,NL,Central,NL - Central,CHN,NL,Central,NL - Central
CHN,2004,NL,Central,CHN,NL,Central,NL - Central,CHN,NL,Central,NL - Central
CHN,2005,NL,Central,CHN,NL,Central,NL - Central,CHN,NL,Central,NL - Central
CHN,2006,NL,Central,CHN,NL,Central,NL - Central,CHN,NL,Central,NL - Central
CHN,2007,NL,Central,CHN,NL,Central,NL - Central,CHN,NL,Central,NL - Central
CHN,2008,NL,Central,CHN,NL,Central,NL - Central,CHN,NL,Central,NL - Central
CHN,2009,NL,Central,CHN,NL,Central,NL - Central,CHN,NL,Central,NL - Central
CHN,2010,NL,Central,CHN,NL,Central,NL - Central,CHN,NL,Central,NL - Central
CHN,2011,NL,Central,CHN,NL,Central,NL - Central,CHN,NL,Central,NL - Central
CHN,2012,NL,Central,CHN,NL,Central,NL - Central,CHN,NL,Central,NL - Central
CHN,2013,NL,Central,CHN,NL,Central,NL - Central,CHN,NL,Central,NL - Central
CHN,2014,NL,Central,CHN,NL,Central,NL - Central,CHN,NL,Central,NL - Central
CHN,2015,NL,Central,CHN,NL,Central,NL - Central,CHN,NL,Central,NL - Central
CHN,2016,NL,Central,CHN,NL,Central,NL - Central,CHN,NL,Central,NL - Central
CHN,2017,NL,Central,CHN,NL,Central,NL - Central,CHN,NL,Central,NL - Central
CHN,2018,NL,Central,CHN,NL,Central,NL - Central,CHN,NL,Central,NL - Central
CHN,2019,NL,Central,CHN,NL,Central,NL - Central,CHN,NL,Central,NL - Central
CIN,1969,NL,West,CIN,NL,West,NL - West,CIN,NL,West,NL - West
CIN,1970,NL,West,CIN,NL,West,NL - West,CIN,NL,West,NL - West
CIN,1971,NL,West,CIN,NL,West,NL - West,CIN,NL,West,NL - West
CIN,1972,NL,West,CIN,NL,West,NL - West,CIN,NL,West,NL - West
CIN,1973,NL,West,CIN,NL,West,NL - West,CIN,NL,West,NL - West
CIN,1974,NL,West,CIN,NL,West,NL - West,CIN,NL,West,NL - West
CIN,1975,NL,West,CIN,NL,West,NL - West,CIN,NL,West,NL - West
CIN,1976,NL,West,CIN,NL,West,NL - West,CIN,NL,West,NL - West
CIN,1977,NL,West,CIN,NL,West,NL - West,CIN,NL,West,NL - West
CIN,1978,NL,West,CIN,NL,West,NL - West,CIN,NL,West,NL - West
CIN,1979,NL,West,CIN,NL,West,NL - West,CIN,NL,West,NL - West
CIN,1980,NL,West,CIN,NL,West,NL - West,CIN,NL,West,NL - West
CIN,1981,NL,West,CIN,NL,West,NL - West,CIN,NL,West,NL - West
CIN,1982,NL,West,CIN,NL,West,NL - West,CIN,NL,West,NL - West
CIN,1983,NL,West,CIN,NL,West,NL - West,CIN,NL,West,NL - West
CIN,1984,NL,West,CIN,NL,West,NL - West,CIN,NL,West,NL - West
CIN,1985,NL,West,CIN,NL,West,NL - West,CIN,NL,West,NL - West
CIN,1986,NL,West,CIN,NL,West,NL - West,CIN,NL,West,NL - West
CIN,1987,NL,West,CIN,NL,West,NL - West,CIN,NL,West,NL - West
CIN,1988,NL,West,CIN,NL,West,NL - West,CIN,NL,West,NL - West
CIN,1989,NL,West,CIN,NL,West,NL - West,CIN,NL,West,NL - West
CIN,1990,NL,West,CIN,NL,West,NL - West,CIN,NL,West,NL - West
CIN,1991,NL,West,CIN,NL,West,NL - West,CIN,NL,West,NL - West
CIN,1992,NL,West,CIN,NL,West,NL - West,CIN,NL,West,NL - West
CIN,1993,NL,West,CIN,NL,West,NL - West,CIN,NL,West,NL - West
CIN,1994,NL,Central,CIN,NL,Central,NL - Central,CIN,NL,Central,NL - Central
CIN,1995,NL,Central,CIN,NL,Central,NL - Central,CIN,NL,Central,NL - Central
CIN,1996,NL,Central,CIN,NL,Central,NL - Central,CIN,NL,Central,NL - Central
CIN,1997,NL,Central,CIN,NL,Central,NL - Central,CIN,NL,Central,NL - Central
CIN,1998,NL,Central,CIN,NL,Central,NL - Central,CIN,NL,Central,NL - Central
CIN,1999,NL,Central,CIN,NL,Central,NL - Central,CIN,NL,Central,NL - Central
CIN,2000,NL,Central,CIN,NL,Central,NL - Central,CIN,NL,Central,NL - Central
CIN,2001,NL,Central,CIN,NL,Central,NL - Central,CIN,NL,Central,NL - Central
CIN,2002,NL,Central,CIN,NL,Central,NL - Central,CIN,NL,Central,NL - Central
CIN,2003,NL,Central,CIN,NL,Central,NL - Central,CIN,NL,Central,NL - Central
CIN,2004,NL,Central,CIN,NL,Central,NL - Central,CIN,NL,Central,NL - Central
CIN,2005,NL,Central,CIN,NL,Central,NL - Central,CIN,NL,Central,NL - Central
CIN,2006,NL,Central,CIN,NL,Central,NL - Central,CIN,NL,Central,NL - Central
CIN,2007,NL,Central,CIN,NL,Central,NL - Central,CIN,NL,Central,NL - Central
CIN,2008,NL,Central,CIN,NL,Central,NL - Central,CIN,NL,Central,NL - Central
CIN,2009,NL,Central,CIN,NL,Central,NL - Central,CIN,NL,Central,NL - Central
CIN,2010,NL,Central,CIN,NL,Central,NL - Central,CIN,NL,Central,NL - Central
CIN,2011,NL,Central,CIN,NL,Central,NL - Central,CIN,NL,Central,NL - Central
CIN,2012,NL,Central,CIN,NL,Central,NL - Central,CIN,NL,Central,NL - Central
CIN,2013,NL,Central,CIN,NL,Central,NL - Central,CIN,NL,Central,NL - Central
CIN,2014,NL,Central,CIN,NL,Central,NL - Central,CIN,NL,Central,NL - Central
CIN,2015,NL,Central,CIN,NL,Central,NL - Central,CIN,NL,Central,NL - Central
CIN,2016,NL,Central,CIN,NL,Central,NL - Central,CIN,NL,Central,NL - Central
CIN,2017,NL,Central,CIN,NL,Central,NL - Central,CIN,NL,Central,NL - Central
CIN,2018,NL,Central,CIN,NL,Central,NL - Central,CIN,NL,Central,NL - Central
CIN,2019,NL,Central,CIN,NL,Central,NL - Central,CIN,NL,Central,NL - Central
CLE,1969,AL,East,CLE,AL,East,AL - East,CLE,AL,East,AL - East
CLE,1970,AL,East,CLE,AL,East,AL - East,CLE,AL,East,AL - East
CLE,1971,AL,East,CLE,AL,East,AL - East,CLE,AL,East,AL - East
CLE,1972,AL,East,CLE,AL,East,AL - East,CLE,AL,East,AL - East
CLE,1973,AL,East,CLE,AL,East,AL - East,CLE,AL,East,AL - East
CLE,1974,AL,East,CLE,AL,East,AL - East,CLE,AL,East,AL - East
CLE,1975,AL,East,CLE,AL,East,AL - East,CLE,AL,East,AL - East
CLE,1976,AL,East,CLE,AL,East,AL - East,CLE,AL,East,AL - East
CLE,1977,AL,East,CLE,AL,East,AL - East,CLE,AL,East,AL - East
CLE,1978,AL,East,CLE,AL,East,AL - East,CLE,AL,East,AL - East
CLE,1979,AL,East,CLE,AL,East,AL - East,CLE,AL,East,AL - East
CLE,1980,AL,East,CLE,AL,East,AL - East,CLE,AL,East,AL - East
CLE,1981,AL,East,CLE,AL,East,AL - East,CLE,AL,East,AL - East
CLE,1982,AL,East,CLE,AL,East,AL - East,CLE,AL,East,AL - East
CLE,1983,AL,East,CLE,AL,East,AL - East,CLE,AL,East,AL - East
CLE,1984,AL,East,CLE,AL,East,AL - East,CLE,AL,East,AL - East
CLE,1985,AL,East,CLE,AL,East,AL - East,CLE,AL,East,AL - East
CLE,1986,AL,East,CLE,AL,East,AL - East,CLE,AL,East,AL - East
CLE,1987,AL,East,CLE,AL,East,AL - East,CLE,AL,East,AL - East
CLE,1988,AL,East,CLE,AL,East,AL - East,CLE,AL,East,AL - East
CLE,1989,AL,East,CLE,AL,East,AL - East,CLE,AL,East,AL - East
CLE,1990,AL,East,CLE,AL,East,AL - East,CLE,AL,East,AL - East
CLE,1991,AL,East,CLE,AL,East,AL - East,CLE,AL,East,AL - East
CLE,1992,AL,East,CLE,AL,East,AL - East,CLE,AL,East,AL - East
CLE,1993,AL,East,CLE,AL,East,AL - East,CLE,AL,East,AL - East
CLE,1994,AL,Central,CLE,AL,Central,AL - Central,CLE,AL,Central,AL - Central
CLE,1995,AL,Central,CLE,AL,Central,AL - Central,CLE,AL,Central,AL - Central
CLE,1996,AL,Central,CLE,AL,Central,AL - Central,CLE,AL,Central,AL - Central
CLE,1997,AL,Central,CLE,AL,Central,AL - Central,CLE,AL,Central,AL - Central
CLE,1998,AL,Central,CLE,AL,Central,AL - Central,CLE,AL,Central,AL - Central
CLE,1999,AL,Central,CLE,AL,Central,AL - Central,CLE,AL,Central,AL - Central
CLE,2000,AL,Central,CLE,AL,Central,AL - Central,CLE,AL,Central,AL - Central
CLE,2001,AL,Central,CLE,AL,Central,AL - Central,CLE,AL,Central,AL - Central
CLE,2002,AL,Central,CLE,AL,Central,AL - Central,CLE,AL,Central,AL - Central
CLE,2003,AL,Central,CLE,AL,Central,AL - Central,CLE,AL,Central,AL - Central
CLE,2004,AL,Central,CLE,AL,Central,AL - Central,CLE,AL,Central,AL - Central
CLE,2005,AL,Central,CLE,AL,Central,AL - Central,CLE,AL,Central,AL - Central
CLE,2006,AL,Central,CLE,AL,Central,AL - Central,CLE,AL,Central,AL - Central
CLE,2007,AL,Central,CLE,AL,Central,AL - Central,CLE,AL,Central,AL - Central
CLE,2008,AL,Central,CLE,AL,Central,AL - Central,CLE,AL,Central,AL - Central
CLE,2009,AL,Central,CLE,AL,Central,AL - Central,CLE,AL,Central,AL - Central
CLE,2010,AL,Central,CLE,AL,Central,AL - Central,CLE,AL,Central,AL - Central
CLE,2011,AL,Central,CLE,AL,Central,AL - Central,CLE,AL,Central,AL - Central
CLE,2012,AL,Central,CLE,AL,Central,AL - Central,CLE,AL,Central,AL - Central
CLE,2013,AL,Central,CLE,AL,Central,AL - Central,CLE,AL,Central,AL - Central
CLE,2014,AL,Central,CLE,AL,Central,AL - Central,CLE,AL,Central,AL - Central
CLE,2015,AL,Central,CLE,AL,Central,AL - Central,CLE,AL,Central,AL - Central
CLE,2016,AL,Central,CLE,AL,Central,AL - Central,CLE,AL,Central,AL - Central
CLE,2017,AL,Central,CLE,AL,Central,AL - Central,CLE,AL,Central,AL - Central
CLE,2018,AL,Central,CLE,AL,Central,AL - Central,CLE,AL,Central,AL - Central
CLE,2019,AL,Central,CLE,AL,Central,AL - Central,CLE,AL,Central,AL - Central
COL,1993,NL,West,COL,NL,West,NL - West,COL,NL,West,NL - West
COL,1994,NL,West,COL,NL,West,NL - West,COL,NL,West,NL - West
COL,1995,NL,West,COL,NL,West,NL - West,COL,NL,West,NL - West
COL,1996,NL,West,COL,NL,West,NL - West,COL,NL,West,NL - West
COL,1997,NL,West,COL,NL,West,NL - West,COL,NL,West,NL - West
COL,1998,NL,West,COL,NL,West,NL - West,COL,NL,West,NL - West
COL,1999,NL,West,COL,NL,West,NL - West,COL,NL,West,NL - West
COL,2000,NL,West,COL,NL,West,NL - West,COL,NL,West,NL - West
COL,2001,NL,West,COL,NL,West,NL - West,COL,NL,West,NL - West
COL,2002,NL,West,COL,NL,West,NL - West,COL,NL,West,NL - West
COL,2003,NL,West,COL,NL,West,NL - West,COL,NL,West,NL - West
COL,2004,NL,West,COL,NL,West,NL - West,COL,NL,West,NL - West
COL,2005,NL,West,COL,NL,West,NL - West,COL,NL,West,NL - West
COL,2006,NL,West,COL,NL,West,NL - West,COL,NL,West,NL - West
COL,2007,NL,West,COL,NL,West,NL - West,COL,NL,West,NL - West
COL,2008,NL,West,COL,NL,West,NL - West,COL,NL,West,NL - West
COL,2009,NL,West,COL,NL,West,NL - West,COL,NL,West,NL - West
COL,2010,NL,West,COL,NL,West,NL - West,COL,NL,West,NL - West
COL,2011,NL,West,COL,NL,West,NL - West,COL,NL,West,NL - West
COL,2012,NL,West,COL,NL,West,NL - West,COL,NL,West,NL - West
COL,2013,NL,West,COL,NL,West,NL - West,COL,NL,West,NL - West
COL,2014,NL,West,COL,NL,West,NL - West,COL,NL,West,NL - West
COL,2015,NL,West,COL,NL,West,NL - West,COL,NL,West,NL - West
COL,2016,NL,West,COL,NL,West,NL - West,COL,NL,West,NL - West
COL,2017,NL,West,COL,NL,West,NL - West,COL,NL,West,NL - West
COL,2018,NL,West,COL,NL,West,NL - West,COL,NL,West,NL - West
COL,2019,NL,West,COL,NL,West,NL - West,COL,NL,West,NL - West
DET,1969,AL,East,DET,AL,East,AL - East,DET,AL,East,AL - East
DET,1970,AL,East,DET,AL,East,AL - East,DET,AL,East,AL - East
DET,1971,AL,East,DET,AL,East,AL - East,DET,AL,East,AL - East
DET,1972,AL,East,DET,AL,East,AL - East,DET,AL,East,AL - East
DET,1973,AL,East,DET,AL,East,AL - East,DET,AL,East,AL - East
DET,1974,AL,East,DET,AL,East,AL - East,DET,AL,East,AL - East
DET,1975,AL,East,DET,AL,East,AL - East,DET,AL,East,AL - East
DET,1976,AL,East,DET,AL,East,AL - East,DET,AL,East,AL - East
DET,1977,AL,East,DET,AL,East,AL - East,DET,AL,East,AL - East
DET,1978,AL,East,DET,AL,East,AL - East,DET,AL,East,AL - East
DET,1979,AL,East,DET,AL,East,AL - East,DET,AL,East,AL - East
DET,1980,AL,East,DET,AL,East,AL - East,DET,AL,East,AL - East
DET,1981,AL,East,DET,AL,East,AL - East,DET,AL,East,AL - East
DET,1982,AL,East,DET,AL,East,AL - East,DET,AL,East,AL - East
DET,1983,AL,East,DET,AL,East,AL - East,DET,AL,East,AL - East
DET,1984,AL,East,DET,AL,East,AL - East,DET,AL,East,AL - East
DET,1985,AL,East,DET,AL,East,AL - East,DET,AL,East,AL - East
DET,1986,AL,East,DET,AL,East,AL - East,DET,AL,East,AL - East
DET,1987,AL,East,DET,AL,East,AL - East,DET,AL,East,AL - East
DET,1988,AL,East,DET,AL,East,AL - East,DET,AL,East,AL - East
DET,1989,AL,East,DET,AL,East,AL - East,DET,AL,East,AL - East
DET,1990,AL,East,DET,AL,East,AL - East,DET,AL,East,AL - East
DET,1991,AL,East,DET,AL,East,AL - East,DET,AL,East,AL - East
DET,1992,AL,East,DET,AL,East,AL - East,DET,AL,East,AL - East
DET,1993,AL,East,DET,AL,East,AL - East,DET,AL,East,AL - East
DET,1994,AL,East,DET,AL,East,AL - East,DET,AL,East,AL - East
DET,1995,AL,East,DET,AL,East,AL - East,DET,AL,East,AL - East
DET,1996,AL,East,DET,AL,East,AL - East,DET,AL,East,AL - East
DET,1997,AL,East,DET,AL,East,AL - East,DET,AL,East,AL - East
DET,1998,AL,Central,DET,AL,Central,AL - Central,DET,AL,Central,AL - Central
DET,1999,AL,Central,DET,AL,Central,AL - Central,DET,AL,Central,AL - Central
DET,2000,AL,Central,DET,AL,Central,AL - Central,DET,AL,Central,AL - Central
DET,2001,AL,Central,DET,AL,Central,AL - Central,DET,AL,Central,AL - Central
DET,2002,AL,Central,DET,AL,Central,AL - Central,DET,AL,Central,AL - Central
DET,2003,AL,Central,DET,AL,Central,AL - Central,DET,AL,Central,AL - Central
DET,2004,AL,Central,DET,AL,Central,AL - Central,DET,AL,Central,AL - Central
DET,2005,AL,Central,DET,AL,Central,AL - Central,DET,AL,Central,AL - Central
DET,2006,AL,Central,DET,AL,Central,AL - Central,DET,AL,Central,AL - Central
DET,2007,AL,Central,DET,AL,Central,AL - Central,DET,AL,Central,AL - Central
DET,2008,AL,Central,DET,AL,Central,AL - Central,DET,AL,Central,AL - Central
DET,2009,AL,Central,DET,AL,Central,AL - Central,DET,AL,Central,AL - Central
DET,2010,AL,Central,DET,AL,Central,AL - Central,DET,AL,Central,AL - Central
DET,2011,AL,Central,DET,AL,Central,AL - Central,DET,AL,Central,AL - Central
DET,2012,AL,Central,DET,AL,Central,AL - Central,DET,AL,Central,AL - Central
DET,2013,AL,Central,DET,AL,Central,AL - Central,DET,AL,Central,AL - Central
DET,2014,AL,Central,DET,AL,Central,AL - Central,DET,AL,Central,AL - Central
DET,2015,AL,Central,DET,AL,Central,AL - Central,DET,AL,Central,AL - Central
DET,2016,AL,Central,DET,AL,Central,AL - Central,DET,AL,Central,AL - Central
DET,2017,AL,Central,DET,AL,Central,AL - Central,DET,AL,Central,AL - Central
DET,2018,AL,Central,DET,AL,Central,AL - Central,DET,AL,Central,AL - Central
DET,2019,AL,Central,DET,AL,Central,AL - Central,DET,AL,Central,AL - Central
HOU,1969,NL,West,HOU,NL,West,NL - West,HOU,NL,West,NL - West
HOU,1970,NL,West,HOU,NL,West,NL - West,HOU,NL,West,NL - West
HOU,1971,NL,West,HOU,NL,West,NL - West,HOU,NL,West,NL - West
HOU,1972,NL,West,HOU,NL,West,NL - West,HOU,NL,West,NL - West
HOU,1973,NL,West,HOU,NL,West,NL - West,HOU,NL,West,NL - West
HOU,1974,NL,West,HOU,NL,West,NL - West,HOU,NL,West,NL - West
HOU,1975,NL,West,HOU,NL,West,NL - West,HOU,NL,West,NL - West
HOU,1976,NL,West,HOU,NL,West,NL - West,HOU,NL,West,NL - West
HOU,1977,NL,West,HOU,NL,West,NL - West,HOU,NL,West,NL - West
HOU,1978,NL,West,HOU,NL,West,NL - West,HOU,NL,West,NL - West
HOU,1979,NL,West,HOU,NL,West,NL - West,HOU,NL,West,NL - West
HOU,1980,NL,West,HOU,NL,West,NL - West,HOU,NL,West,NL - West
HOU,1981,NL,West,HOU,NL,West,NL - West,HOU,NL,West,NL - West
HOU,1982,NL,West,HOU,NL,West,NL - West,HOU,NL,West,NL - West
HOU,1983,NL,West,HOU,NL,West,NL - West,HOU,NL,West,NL - West
HOU,1984,NL,West,HOU,NL,West,NL - West,HOU,NL,West,NL - West
HOU,1985,NL,West,HOU,NL,West,NL - West,HOU,NL,West,NL - West
HOU,1986,NL,West,HOU,NL,West,NL - West,HOU,NL,West,NL - West
HOU,1987,NL,West,HOU,NL,West,NL - West,HOU,NL,West,NL - West
HOU,1988,NL,West,HOU,NL,West,NL - West,HOU,NL,West,NL - West
HOU,1989,NL,West,HOU,NL,West,NL - West,HOU,NL,West,NL - West
HOU,1990,NL,West,HOU,NL,West,NL - West,HOU,NL,West,NL - West
HOU,1991,NL,West,HOU,NL,West,NL - West,HOU,NL,West,NL - West
HOU,1992,NL,West,HOU,NL,West,NL - West,HOU,NL,West,NL - West
HOU,1993,NL,West,HOU,NL,West,NL - West,HOU,NL,West,NL - West
HOU,1994,NL,Central,HOU,NL,Central,NL - Central,HOU,NL,Central,NL - Central
HOU,1995,NL,Central,HOU,NL,Central,NL - Central,HOU,NL,Central,NL - Central
HOU,1996,NL,Central,HOU,NL,Central,NL - Central,HOU,NL,Central,NL - Central
HOU,1997,NL,Central,HOU,NL,Central,NL - Central,HOU,NL,Central,NL - Central
HOU,1998,NL,Central,HOU,NL,Central,NL - Central,HOU,NL,Central,NL - Central
HOU,1999,NL,Central,HOU,NL,Central,NL - Central,HOU,NL,Central,NL - Central
HOU,2000,NL,Central,HOU,NL,Central,NL - Central,HOU,NL,Central,NL - Central
HOU,2001,NL,Central,HOU,NL,Central,NL - Central,HOU,NL,Central,NL - Central
HOU,2002,NL,Central,HOU,NL,Central,NL - Central,HOU,NL,Central,NL - Central
HOU,2003,NL,Central,HOU,NL,Central,NL - Central,HOU,NL,Central,NL - Central
HOU,2004,NL,Central,HOU,NL,Central,NL - Central,HOU,NL,Central,NL - Central
HOU,2005,NL,Central,HOU,NL,Central,NL - Central,HOU,NL,Central,NL - Central
HOU,2006,NL,Central,HOU,NL,Central,NL - Central,HOU,NL,Central,NL - Central
HOU,2007,NL,Central,HOU,NL,Central,NL - Central,HOU,NL,Central,NL - Central
HOU,2008,NL,Central,HOU,NL,Central,NL - Central,HOU,NL,Central,NL - Central
HOU,2009,NL,Central,HOU,NL,Central,NL - Central,HOU,NL,Central,NL - Central
HOU,2010,NL,Central,HOU,NL,Central,NL - Central,HOU,NL,Central,NL - Central
HOU,2011,NL,Central,HOU,NL,Central,NL - Central,HOU,NL,Central,NL - Central
HOU,2012,NL,Central,HOU,NL,Central,NL - Central,HOU,NL,Central,NL - Central
HOU,2013,AL,West,HOU,AL,West,AL - West,HOU,AL,West,AL - West
HOU,2014,AL,West,HOU,AL,West,AL - West,HOU,AL,West,AL - West
HOU,2015,AL,West,HOU,AL,West,AL - West,HOU,AL,West,AL - West
HOU,2016,AL,West,HOU,AL,West,AL - West,HOU,AL,West,AL - West
HOU,2017,AL,West,HOU,AL,West,AL - West,HOU,AL,West,AL - West
HOU,2018,AL,West,HOU,AL,West,AL - West,HOU,AL,West,AL - West
HOU,2019,AL,West,HOU,AL,West,AL - West,HOU,AL,West,AL - West
KCA,1969,AL,West,KCA,AL,West,AL - West,KCA,AL,West,AL - West
KCA,1970,AL,West,KCA,AL,West,AL - West,KCA,AL,West,AL - West
KCA,1971,AL,West,KCA,AL,West,AL - West,KCA,AL,West,AL - West
KCA,1972,AL,West,KCA,AL,West,AL - West,KCA,AL,West,AL - West
KCA,1973,AL,West,KCA,AL,West,AL - West,KCA,AL,West,AL - West
KCA,1974,AL,West,KCA,AL,West,AL - West,KCA,AL,West,AL - West
KCA,1975,AL,West,KCA,AL,West,AL - West,KCA,AL,West,AL - West
KCA,1976,AL,West,KCA,AL,West,AL - West,KCA,AL,West,AL - West
KCA,1977,AL,West,KCA,AL,West,AL - West,KCA,AL,West,AL - West
KCA,1978,AL,West,KCA,AL,West,AL - West,KCA,AL,West,AL - West
KCA,1979,AL,West,KCA,AL,West,AL - West,KCA,AL,West,AL - West
KCA,1980,AL,West,KCA,AL,West,AL - West,KCA,AL,West,AL - West
KCA,1981,AL,West,KCA,AL,West,AL - West,KCA,AL,West,AL - West
KCA,1982,AL,West,KCA,AL,West,AL - West,KCA,AL,West,AL - West
KCA,1983,AL,West,KCA,AL,West,AL - West,KCA,AL,West,AL - West
KCA,1984,AL,West,KCA,AL,West,AL - West,KCA,AL,West,AL - West
KCA,1985,AL,West,KCA,AL,West,AL - West,KCA,AL,West,AL - West
KCA,1986,AL,West,KCA,AL,West,AL - West,KCA,AL,West,AL - West
KCA,1987,AL,West,KCA,AL,West,AL - West,KCA,AL,West,AL - West
KCA,1988,AL,West,KCA,AL,West,AL - West,KCA,AL,West,AL - West
KCA,1989,AL,West,KCA,AL,West,AL - West,KCA,AL,West,AL - West
KCA,1990,AL,West,KCA,AL,West,AL - West,KCA,AL,West,AL - West
KCA,1991,AL,West,KCA,AL,West,AL - West,KCA,AL,West,AL - West
KCA,1992,AL,West,KCA,AL,West,AL - West,KCA,AL,West,AL - West
KCA,1993,AL,West,KCA,AL,West,AL - West,KCA,AL,West,AL - West
KCA,1994,AL,Central,KCA,AL,Central,AL - Central,KCA,AL,Central,AL - Central
KCA,1995,AL,Central,KCA,AL,Central,AL - Central,KCA,AL,Central,AL - Central
KCA,1996,AL,Central,KCA,AL,Central,AL - Central,KCA,AL,Central,AL - Central
KCA,1997,AL,Central,KCA,AL,Central,AL - Central,KCA,AL,Central,AL - Central
KCA,1998,AL,Central,KCA,AL,Central,AL - Central,KCA,AL,Central,AL - Central
KCA,1999,AL,Central,KCA,AL,Central,AL - Central,KCA,AL,Central,AL - Central
KCA,2000,AL,Central,KCA,AL,Central,AL - Central,KCA,AL,Central,AL - Central
KCA,2001,AL,Central,KCA,AL,Central,AL - Central,KCA,AL,Central,AL - Central
KCA,2002,AL,Central,KCA,AL,Central,AL - Central,KCA,AL,Central,AL - Central
KCA,2003,AL,Central,KCA,AL,Central,AL - Central,KCA,AL,Central,AL - Central
KCA,2004,AL,Central,KCA,AL,Central,AL - Central,KCA,AL,Central,AL - Central
KCA,2005,AL,Central,KCA,AL,Central,AL - Central,KCA,AL,Central,AL - Central
KCA,2006,AL,Central,KCA,AL,Central,AL - Central,KCA,AL,Central,AL - Central
KCA,2007,AL,Central,KCA,AL,Central,AL - Central,KCA,AL,Central,AL - Central
KCA,2008,AL,Central,KCA,AL,Central,AL - Central,KCA,AL,Central,AL - Central
KCA,2009,AL,Central,KCA,AL,Central,AL - Central,KCA,AL,Central,AL - Central
KCA,2010,AL,Central,KCA,AL,Central,AL - Central,KCA,AL,Central,AL - Central
KCA,2011,AL,Central,KCA,AL,Central,AL - Central,KCA,AL,Central,AL - Central
KCA,2012,AL,Central,KCA,AL,Central,AL - Central,KCA,AL,Central,AL - Central
KCA,2013,AL,Central,KCA,AL,Central,AL - Central,KCA,AL,Central,AL - Central
KCA,2014,AL,Central,KCA,AL,Central,AL - Central,KCA,AL,Central,AL - Central
KCA,2015,AL,Central,KCA,AL,Central,AL - Central,KCA,AL,Central,AL - Central
KCA,2016,AL,Central,KCA,AL,Central,AL - Central,KCA,AL,Central,AL - Central
KCA,2017,AL,Central,KCA,AL,Central,AL - Central,KCA,AL,Central,AL - Central
KCA,2018,AL,Central,KCA,AL,Central,AL - Central,KCA,AL,Central,AL - Central
KCA,2019,AL,Central,KCA,AL,Central,AL - Central,KCA,AL,Central,AL - Central
LAN,1969,NL,West,LAN,NL,West,NL - West,LAN,NL,West,NL - West
LAN,1970,NL,West,LAN,NL,West,NL - West,LAN,NL,West,NL - West
LAN,1971,NL,West,LAN,NL,West,NL - West,LAN,NL,West,NL - West
LAN,1972,NL,West,LAN,NL,West,NL - West,LAN,NL,West,NL - West
LAN,1973,NL,West,LAN,NL,West,NL - West,LAN,NL,West,NL - West
LAN,1974,NL,West,LAN,NL,West,NL - West,LAN,NL,West,NL - West
LAN,1975,NL,West,LAN,NL,West,NL - West,LAN,NL,West,NL - West
LAN,1976,NL,West,LAN,NL,West,NL - West,LAN,NL,West,NL - West
LAN,1977,NL,West,LAN,NL,West,NL - West,LAN,NL,West,NL - West
LAN,1978,NL,West,LAN,NL,West,NL - West,LAN,NL,West,NL - West
LAN,1979,NL,West,LAN,NL,West,NL - West,LAN,NL,West,NL - West
LAN,1980,NL,West,LAN,NL,West,NL - West,LAN,NL,West,NL - West
LAN,1981,NL,West,LAN,NL,West,NL - West,LAN,NL,West,NL - West
LAN,1982,NL,West,LAN,NL,West,NL - West,LAN,NL,West,NL - West
LAN,1983,NL,West,LAN,NL,West,NL - West,LAN,NL,West,NL - West
LAN,1984,NL,West,LAN,NL,West,NL - West,LAN,NL,West,NL - West
LAN,1985,NL,West,LAN,NL,West,NL - West,LAN,NL,West,NL - West
LAN,1986,NL,West,LAN,NL,West,NL - West,LAN,NL,West,NL - West
LAN,1987,NL,West,LAN,NL,West,NL - West,LAN,NL,West,NL - West
LAN,1988,NL,West,LAN,NL,West,NL - West,LAN,NL,West,NL - West
LAN,1989,NL,West,LAN,NL,West,NL - West,LAN,NL,West,NL - West
LAN,1990,NL,West,LAN,NL,West,NL - West,LAN,NL,West,NL - West
LAN,1991,NL,West,LAN,NL,West,NL - West,LAN,NL,West,NL - West
LAN,1992,NL,West,LAN,NL,West,NL - West,LAN,NL,West,NL - West
LAN,1993,NL,West,LAN,NL,West,NL - West,LAN,NL,West,NL - West
LAN,1994,NL,West,LAN,NL,West,NL - West,LAN,NL,West,NL - West
LAN,1995,NL,West,LAN,NL,West,NL - West,LAN,NL,West,NL - West
LAN,1996,NL,West,LAN,NL,West,NL - West,LAN,NL,West,NL - West
LAN,1997,NL,West,LAN,NL,West,NL - West,LAN,NL,West,NL - West
LAN,1998,NL,West,LAN,NL,West,NL - West,LAN,NL,West,NL - West
LAN,1999,NL,West,LAN,NL,West,NL - West,LAN,NL,West,NL - West
LAN,2000,NL,West,LAN,NL,West,NL - West,LAN,NL,West,NL - West
LAN,2001,NL,West,LAN,NL,West,NL - West,LAN,NL,West,NL - West
LAN,2002,NL,West,LAN,NL,West,NL - West,LAN,NL,West,NL - West
LAN,2003,NL,West,LAN,NL,West,NL - West,LAN,NL,West,NL - West
LAN,2004,NL,West,LAN,NL,West,NL - West,LAN,NL,West,NL - West
LAN,2005,NL,West,LAN,NL,West,NL - West,LAN,NL,West,NL - West
LAN,2006,NL,West,LAN,NL,West,NL - West,LAN,NL,West,NL - West
LAN,2007,NL,West,LAN,NL,West,NL - West,LAN,NL,West,NL - West
LAN,2008,NL,West,LAN,NL,West,NL - West,LAN,NL,West,NL - West
LAN,2009,NL,West,LAN,NL,West,NL - West,LAN,NL,West,NL - West
LAN,2010,NL,West,LAN,NL,West,NL - West,LAN,NL,West,NL - West
LAN,2011,NL,West,LAN,NL,West,NL - West,LAN,NL,West,NL - West
LAN,2012,NL,West,LAN,NL,West,NL - West,LAN,NL,West,NL - West
LAN,2013,NL,West,LAN,NL,West,NL - West,LAN,NL,West,NL - West
LAN,2014,NL,West,LAN,NL,West,NL - West,LAN,NL,West,NL - West
LAN,2015,NL,West,LAN,NL,West,NL - West,LAN,NL,West,NL - West
LAN,2016,NL,West,LAN,NL,West,NL - West,LAN,NL,West,NL - West
LAN,2017,NL,West,LAN,NL,West,NL - West,LAN,NL,West,NL - West
LAN,2018,NL,West,LAN,NL,West,NL - West,LAN,NL,West,NL - West
LAN,2019,NL,West,LAN,NL,West,NL - West,LAN,NL,West,NL - West
MIA,1993,NL,East,MIA,NL,East,NL - East,MIA,NL,East,NL - East
MIA,1994,NL,East,MIA,NL,East,NL - East,MIA,NL,East,NL - East
MIA,1995,NL,East,MIA,NL,East,NL - East,MIA,NL,East,NL - East
MIA,1996,NL,East,MIA,NL,East,NL - East,MIA,NL,East,NL - East
MIA,1997,NL,East,MIA,NL,East,NL - East,MIA,NL,East,NL - East
MIA,1998,NL,East,MIA,NL,East,NL - East,MIA,NL,East,NL - East
MIA,1999,NL,East,MIA,NL,East,NL - East,MIA,NL,East,NL - East
MIA,2000,NL,East,MIA,NL,East,NL - East,MIA,NL,East,NL - East
MIA,2001,NL,East,MIA,NL,East,NL - East,MIA,NL,East,NL - East
MIA,2002,NL,East,MIA,NL,East,NL - East,MIA,NL,East,NL - East
MIA,2003,NL,East,MIA,NL,East,NL - East,MIA,NL,East,NL - East
MIA,2004,NL,East,MIA,NL,East,NL - East,MIA,NL,East,NL - East
MIA,2005,NL,East,MIA,NL,East,NL - East,MIA,NL,East,NL - East
MIA,2006,NL,East,MIA,NL,East,NL - East,MIA,NL,East,NL - East
MIA,2007,NL,East,MIA,NL,East,NL - East,MIA,NL,East,NL - East
MIA,2008,NL,East,MIA,NL,East,NL - East,MIA,NL,East,NL - East
MIA,2009,NL,East,MIA,NL,East,NL - East,MIA,NL,East,NL - East
MIA,2010,NL,East,MIA,NL,East,NL - East,MIA,NL,East,NL - East
MIA,2011,NL,East,MIA,NL,East,NL - East,MIA,NL,East,NL - East
MIA,2012,NL,East,MIA,NL,East,NL - East,MIA,NL,East,NL - East
MIA,2013,NL,East,MIA,NL,East,NL - East,MIA,NL,East,NL - East
MIA,2014,NL,East,MIA,NL,East,NL - East,MIA,NL,East,NL - East
MIA,2015,NL,East,MIA,NL,East,NL - East,MIA,NL,East,NL - East
MIA,2016,NL,East,MIA,NL,East,NL - East,MIA,NL,East,NL - East
MIA,2017,NL,East,MIA,NL,East,NL - East,MIA,NL,East,NL - East
MIA,2018,NL,East,MIA,NL,East,NL - East,MIA,NL,East,NL - East
MIA,2019,NL,East,MIA,NL,East,NL - East,MIA,NL,East,NL - East
MIL,1969,AL,West,MIL,AL,West,AL - West,MIL,AL,West,AL - West
MIL,1970,AL,West,MIL,AL,West,AL - West,MIL,AL,West,AL - West
MIL,1971,AL,West,MIL,AL,West,AL - West,MIL,AL,West,AL - West
MIL,1972,AL,East,MIL,AL,East,AL - East,MIL,AL,East,AL - East
MIL,1973,AL,East,MIL,AL,East,AL - East,MIL,AL,East,AL - East
MIL,1974,AL,East,MIL,AL,East,AL - East,MIL,AL,East,AL - East
MIL,1975,AL,East,MIL,AL,East,AL - East,MIL,AL,East,AL - East
MIL,1976,AL,East,MIL,AL,East,AL - East,MIL,AL,East,AL - East
MIL,1977,AL,East,MIL,AL,East,AL - East,MIL,AL,East,AL - East
MIL,1978,AL,East,MIL,AL,East,AL - East,MIL,AL,East,AL - East
MIL,1979,AL,East,MIL,AL,East,AL - East,MIL,AL,East,AL - East
MIL,1980,AL,East,MIL,AL,East,AL - East,MIL,AL,East,AL - East
MIL,1981,AL,East,MIL,AL,East,AL - East,MIL,AL,East,AL - East
MIL,1982,AL,East,MIL,AL,East,AL - East,MIL,AL,East,AL - East
MIL,1983,AL,East,MIL,AL,East,AL - East,MIL,AL,East,AL - East
MIL,1984,AL,East,MIL,AL,East,AL - East,MIL,AL,East,AL - East
MIL,1985,AL,East,MIL,AL,East,AL - East,MIL,AL,East,AL - East
MIL,1986,AL,East,MIL,AL,East,AL - East,MIL,AL,East,AL - East
MIL,1987,AL,East,MIL,AL,East,AL - East,MIL,AL,East,AL - East
MIL,1988,AL,East,MIL,AL,East,AL - East,MIL,AL,East,AL - East
MIL,1989,AL,East,MIL,AL,East,AL - East,MIL,AL,East,AL - East
MIL,1990,AL,East,MIL,AL,East,AL - East,MIL,AL,East,AL - East
MIL,1991,AL,East,MIL,AL,East,AL - East,MIL,AL,East,AL - East
MIL,1992,AL,East,MIL,AL,East,AL - East,MIL,AL,East,AL - East
MIL,1993,AL,East,MIL,AL,East,AL - East,MIL,AL,East,AL - East
MIL,1994,AL,Central,MIL,AL,Central,AL - Central,MIL,AL,Central,AL - Central
MIL,1995,AL,Central,MIL,AL,Central,AL - Central,MIL,AL,Central,AL - Central
MIL,1996,AL,Central,MIL,AL,Central,AL - Central,MIL,AL,Central,AL - Central
MIL,1997,AL,Central,MIL,AL,Central,AL - Central,MIL,AL,Central,AL - Central
MIL,1998,NL,Central,MIL,NL,Central,NL - Central,MIL,NL,Central,NL - Central
MIL,1999,NL,Central,MIL,NL,Central,NL - Central,MIL,NL,Central,NL - Central
MIL,2000,NL,Central,MIL,NL,Central,NL - Central,MIL,NL,Central,NL - Central
MIL,2001,NL,Central,MIL,NL,Central,NL - Central,MIL,NL,Central,NL - Central
MIL,2002,NL,Central,MIL,NL,Central,NL - Central,MIL,NL,Central,NL - Central
MIL,2003,NL,Central,MIL,NL,Central,NL - Central,MIL,NL,Central,NL - Central
MIL,2004,NL,Central,MIL,NL,Central,NL - Central,MIL,NL,Central,NL - Central
MIL,2005,NL,Central,MIL,NL,Central,NL - Central,MIL,NL,Central,NL - Central
MIL,2006,NL,Central,MIL,NL,Central,NL - Central,MIL,NL,Central,NL - Central
MIL,2007,NL,Central,MIL,NL,Central,NL - Central,MIL,NL,Central,NL - Central
MIL,2008,NL,Central,MIL,NL,Central,NL - Central,MIL,NL,Central,NL - Central
MIL,2009,NL,Central,MIL,NL,Central,NL - Central,MIL,NL,Central,NL - Central
MIL,2010,NL,Central,MIL,NL,Central,NL - Central,MIL,NL,Central,NL - Central
MIL,2011,NL,Central,MIL,NL,Central,NL - Central,MIL,NL,Central,NL - Central
MIL,2012,NL,Central,MIL,NL,Central,NL - Central,MIL,NL,Central,NL - Central
MIL,2013,NL,Central,MIL,NL,Central,NL - Central,MIL,NL,Central,NL - Central
MIL,2014,NL,Central,MIL,NL,Central,NL - Central,MIL,NL,Central,NL - Central
MIL,2015,NL,Central,MIL,NL,Central,NL - Central,MIL,NL,Central,NL - Central
MIL,2016,NL,Central,MIL,NL,Central,NL - Central,MIL,NL,Central,NL - Central
MIL,2017,NL,Central,MIL,NL,Central,NL - Central,MIL,NL,Central,NL - Central
MIL,2018,NL,Central,MIL,NL,Central,NL - Central,MIL,NL,Central,NL - Central
MIL,2019,NL,Central,MIL,NL,Central,NL - Central,MIL,NL,Central,NL - Central
MIN,1969,AL,West,MIN,AL,West,AL - West,MIN,AL,West,AL - West
MIN,1970,AL,West,MIN,AL,West,AL - West,MIN,AL,West,AL - West
MIN,1971,AL,West,MIN,AL,West,AL - West,MIN,AL,West,AL - West
MIN,1972,AL,West,MIN,AL,West,AL - West,MIN,AL,West,AL - West
MIN,1973,AL,West,MIN,AL,West,AL - West,MIN,AL,West,AL - West
MIN,1974,AL,West,MIN,AL,West,AL - West,MIN,AL,West,AL - West
MIN,1975,AL,West,MIN,AL,West,AL - West,MIN,AL,West,AL - West
MIN,1976,AL,West,MIN,AL,West,AL - West,MIN,AL,West,AL - West
MIN,1977,AL,West,MIN,AL,West,AL - West,MIN,AL,West,AL - West
MIN,1978,AL,West,MIN,AL,West,AL - West,MIN,AL,West,AL - West
MIN,1979,AL,West,MIN,AL,West,AL - West,MIN,AL,West,AL - West
MIN,1980,AL,West,MIN,AL,West,AL - West,MIN,AL,West,AL - West
MIN,1981,AL,West,MIN,AL,West,AL - West,MIN,AL,West,AL - West
MIN,1982,AL,West,MIN,AL,West,AL - West,MIN,AL,West,AL - West
MIN,1983,AL,West,MIN,AL,West,AL - West,MIN,AL,West,AL - West
MIN,1984,AL,West,MIN,AL,West,AL - West,MIN,AL,West,AL - West
MIN,1985,AL,West,MIN,AL,West,AL - West,MIN,AL,West,AL - West
MIN,1986,AL,West,MIN,AL,West,AL - West,MIN,AL,West,AL - West
MIN,1987,AL,West,MIN,AL,West,AL - West,MIN,AL,West,AL - West
MIN,1988,AL,West,MIN,AL,West,AL - West,MIN,AL,West,AL - West
MIN,1989,AL,West,MIN,AL,West,AL - West,MIN,AL,West,AL - West
MIN,1990,AL,West,MIN,AL,West,AL - West,MIN,AL,West,AL - West
MIN,1991,AL,West,MIN,AL,West,AL - West,MIN,AL,West,AL - West
MIN,1992,AL,West,MIN,AL,West,AL - West,MIN,AL,West,AL - West
MIN,1993,AL,West,MIN,AL,West,AL - West,MIN,AL,West,AL - West
MIN,1994,AL,Central,MIN,AL,Central,AL - Central,MIN,AL,Central,AL - Central
MIN,1995,AL,Central,MIN,AL,Central,AL - Central,MIN,AL,Central,AL - Central
MIN,1996,AL,Central,MIN,AL,Central,AL - Central,MIN,AL,Central,AL - Central
MIN,1997,AL,Central,MIN,AL,Central,AL - Central,MIN,AL,Central,AL - Central
MIN,1998,AL,Central,MIN,AL,Central,AL - Central,MIN,AL,Central,AL - Central
MIN,1999,AL,Central,MIN,AL,Central,AL - Central,MIN,AL,Central,AL - Central
MIN,2000,AL,Central,MIN,AL,Central,AL - Central,MIN,AL,Central,AL - Central
MIN,2001,AL,Central,MIN,AL,Central,AL - Central,MIN,AL,Central,AL - Central
MIN,2002,AL,Central,MIN,AL,Central,AL - Central,MIN,AL,Central,AL - Central
MIN,2003,AL,Central,MIN,AL,Central,AL - Central,MIN,AL,Central,AL - Central
MIN,2004,AL,Central,MIN,AL,Central,AL - Central,MIN,AL,Central,AL - Central
MIN,2005,AL,Central,MIN,AL,Central,AL - Central,MIN,AL,Central,AL - Central
MIN,2006,AL,Central,MIN,AL,Central,AL - Central,MIN,AL,Central,AL - Central
MIN,2007,AL,Central,MIN,AL,Central,AL - Central,MIN,AL,Central,AL - Central
MIN,2008,AL,Central,MIN,AL,Central,AL - Central,MIN,AL,Central,AL - Central
MIN,2009,AL,Central,MIN,AL,Central,AL - Central,MIN,AL,Central,AL - Central
MIN,2010,AL,Central,MIN,AL,Central,AL - Central,MIN,AL,Central,AL - Central
MIN,2011,AL,Central,MIN,AL,Central,AL - Central,MIN,AL,Central,AL - Central
MIN,2012,AL,Central,MIN,AL,Central,AL - Central,MIN,AL,Central,AL - Central
MIN,2013,AL,Central,MIN,AL,Central,AL - Central,MIN,AL,Central,AL - Central
MIN,2014,AL,Central,MIN,AL,Central,AL - Central,MIN,AL,Central,AL - Central
MIN,2015,AL,Central,MIN,AL,Central,AL - Central,MIN,AL,Central,AL - Central
MIN,2016,AL,Central,MIN,AL,Central,AL - Central,MIN,AL,Central,AL - Central
MIN,2017,AL,Central,MIN,AL,Central,AL - Central,MIN,AL,Central,AL - Central
MIN,2018,AL,Central,MIN,AL,Central,AL - Central,MIN,AL,Central,AL - Central
MIN,2019,AL,Central,MIN,AL,Central,AL - Central,MIN,AL,Central,AL - Central
NYA,1969,AL,East,NYA,AL,East,AL - East,NYA,AL,East,AL - East
NYA,1970,AL,East,NYA,AL,East,AL - East,NYA,AL,East,AL - East
NYA,1971,AL,East,NYA,AL,East,AL - East,NYA,AL,East,AL - East
NYA,1972,AL,East,NYA,AL,East,AL - East,NYA,AL,East,AL - East
NYA,1973,AL,East,NYA,AL,East,AL - East,NYA,AL,East,AL - East
NYA,1974,AL,East,NYA,AL,East,AL - East,NYA,AL,East,AL - East
NYA,1975,AL,East,NYA,AL,East,AL - East,NYA,AL,East,AL - East
NYA,1976,AL,East,NYA,AL,East,AL - East,NYA,AL,East,AL - East
NYA,1977,AL,East,NYA,AL,East,AL - East,NYA,AL,East,AL - East
NYA,1978,AL,East,NYA,AL,East,AL - East,NYA,AL,East,AL - East
NYA,1979,AL,East,NYA,AL,East,AL - East,NYA,AL,East,AL - East
NYA,1980,AL,East,NYA,AL,East,AL - East,NYA,AL,East,AL - East
NYA,1981,AL,East,NYA,AL,East,AL - East,NYA,AL,East,AL - East
NYA,1982,AL,East,NYA,AL,East,AL - East,NYA,AL,East,AL - East
NYA,1983,AL,East,NYA,AL,East,AL - East,NYA,AL,East,AL - East
NYA,1984,AL,East,NYA,AL,East,AL - East,NYA,AL,East,AL - East
NYA,1985,AL,East,NYA,AL,East,AL - East,NYA,AL,East,AL - East
NYA,1986,AL,East,NYA,AL,East,AL - East,NYA,AL,East,AL - East
NYA,1987,AL,East,NYA,AL,East,AL - East,NYA,AL,East,AL - East
NYA,1988,AL,East,NYA,AL,East,AL - East,NYA,AL,East,AL - East
NYA,1989,AL,East,NYA,AL,East,AL - East,NYA,AL,East,AL - East
NYA,1990,AL,East,NYA,AL,East,AL - East,NYA,AL,East,AL - East
NYA,1991,AL,East,NYA,AL,East,AL - East,NYA,AL,East,AL - East
NYA,1992,AL,East,NYA,AL,East,AL - East,NYA,AL,East,AL - East
NYA,1993,AL,East,NYA,AL,East,AL - East,NYA,AL,East,AL - East
NYA,1994,AL,East,NYA,AL,East,AL - East,NYA,AL,East,AL - East
NYA,1995,AL,East,NYA,AL,East,AL - East,NYA,AL,East,AL - East
NYA,1996,AL,East,NYA,AL,East,AL - East,NYA,AL,East,AL - East
NYA,1997,AL,East,NYA,AL,East,AL - East,NYA,AL,East,AL - East
NYA,1998,AL,East,NYA,AL,East,AL - East,NYA,AL,East,AL - East
NYA,1999,AL,East,NYA,AL,East,AL - East,NYA,AL,East,AL - East
NYA,2000,AL,East,NYA,AL,East,AL - East,NYA,AL,East,AL - East
NYA,2001,AL,East,NYA,AL,East,AL - East,NYA,AL,East,AL - East
NYA,2002,AL,East,NYA,AL,East,AL - East,NYA,AL,East,AL - East
NYA,2003,AL,East,NYA,AL,East,AL - East,NYA,AL,East,AL - East
NYA,2004,AL,East,NYA,AL,East,AL - East,NYA,AL,East,AL - East
NYA,2005,AL,East,NYA,AL,East,AL - East,NYA,AL,East,AL - East
NYA,2006,AL,East,NYA,AL,East,AL - East,NYA,AL,East,AL - East
NYA,2007,AL,East,NYA,AL,East,AL - East,NYA,AL,East,AL - East
NYA,2008,AL,East,NYA,AL,East,AL - East,NYA,AL,East,AL - East
NYA,2009,AL,East,NYA,AL,East,AL - East,NYA,AL,East,AL - East
NYA,2010,AL,East,NYA,AL,East,AL - East,NYA,AL,East,AL - East
NYA,2011,AL,East,NYA,AL,East,AL - East,NYA,AL,East,AL - East
NYA,2012,AL,East,NYA,AL,East,AL - East,NYA,AL,East,AL - East
NYA,2013,AL,East,NYA,AL,East,AL - East,NYA,AL,East,AL - East
NYA,2014,AL,East,NYA,AL,East,AL - East,NYA,AL,East,AL - East
NYA,2015,AL,East,NYA,AL,East,AL - East,NYA,AL,East,AL - East
NYA,2016,AL,East,NYA,AL,East,AL - East,NYA,AL,East,AL - East
NYA,2017,AL,East,NYA,AL,East,AL - East,NYA,AL,East,AL - East
NYA,2018,AL,East,NYA,AL,East,AL - East,NYA,AL,East,AL - East
NYA,2019,AL,East,NYA,AL,East,AL - East,NYA,AL,East,AL - East
NYN,1969,NL,East,NYN,NL,East,NL - East,NYN,NL,East,NL - East
NYN,1970,NL,East,NYN,NL,East,NL - East,NYN,NL,East,NL - East
NYN,1971,NL,East,NYN,NL,East,NL - East,NYN,NL,East,NL - East
NYN,1972,NL,East,NYN,NL,East,NL - East,NYN,NL,East,NL - East
NYN,1973,NL,East,NYN,NL,East,NL - East,NYN,NL,East,NL - East
NYN,1974,NL,East,NYN,NL,East,NL - East,NYN,NL,East,NL - East
NYN,1975,NL,East,NYN,NL,East,NL - East,NYN,NL,East,NL - East
NYN,1976,NL,East,NYN,NL,East,NL - East,NYN,NL,East,NL - East
NYN,1977,NL,East,NYN,NL,East,NL - East,NYN,NL,East,NL - East
NYN,1978,NL,East,NYN,NL,East,NL - East,NYN,NL,East,NL - East
NYN,1979,NL,East,NYN,NL,East,NL - East,NYN,NL,East,NL - East
NYN,1980,NL,East,NYN,NL,East,NL - East,NYN,NL,East,NL - East
NYN,1981,NL,East,NYN,NL,East,NL - East,NYN,NL,East,NL - East
NYN,1982,NL,East,NYN,NL,East,NL - East,NYN,NL,East,NL - East
NYN,1983,NL,East,NYN,NL,East,NL - East,NYN,NL,East,NL - East
NYN,1984,NL,East,NYN,NL,East,NL - East,NYN,NL,East,NL - East
NYN,1985,NL,East,NYN,NL,East,NL - East,NYN,NL,East,NL - East
NYN,1986,NL,East,NYN,NL,East,NL - East,NYN,NL,East,NL - East
NYN,1987,NL,East,NYN,NL,East,NL - East,NYN,NL,East,NL - East
NYN,1988,NL,East,NYN,NL,East,NL - East,NYN,NL,East,NL - East
NYN,1989,NL,East,NYN,NL,East,NL - East,NYN,NL,East,NL - East
NYN,1990,NL,East,NYN,NL,East,NL - East,NYN,NL,East,NL - East
NYN,1991,NL,East,NYN,NL,East,NL - East,NYN,NL,East,NL - East
NYN,1992,NL,East,NYN,NL,East,NL - East,NYN,NL,East,NL - East
NYN,1993,NL,East,NYN,NL,East,NL - East,NYN,NL,East,NL - East
NYN,1994,NL,East,NYN,NL,East,NL - East,NYN,NL,East,NL - East
NYN,1995,NL,East,NYN,NL,East,NL - East,NYN,NL,East,NL - East
NYN,1996,NL,East,NYN,NL,East,NL - East,NYN,NL,East,NL - East
NYN,1997,NL,East,NYN,NL,East,NL - East,NYN,NL,East,NL - East
NYN,1998,NL,East,NYN,NL,East,NL - East,NYN,NL,East,NL - East
NYN,1999,NL,East,NYN,NL,East,NL - East,NYN,NL,East,NL - East
NYN,2000,NL,East,NYN,NL,East,NL - East,NYN,NL,East,NL - East
NYN,2001,NL,East,NYN,NL,East,NL - East,NYN,NL,East,NL - East
NYN,2002,NL,East,NYN,NL,East,NL - East,NYN,NL,East,NL - East
NYN,2003,NL,East,NYN,NL,East,NL - East,NYN,NL,East,NL - East
NYN,2004,NL,East,NYN,NL,East,NL - East,NYN,NL,East,NL - East
NYN,2005,NL,East,NYN,NL,East,NL - East,NYN,NL,East,NL - East
NYN,2006,NL,East,NYN,NL,East,NL - East,NYN,NL,East,NL - East
NYN,2007,NL,East,NYN,NL,East,NL - East,NYN,NL,East,NL - East
NYN,2008,NL,East,NYN,NL,East,NL - East,NYN,NL,East,NL - East
NYN,2009,NL,East,NYN,NL,East,NL - East,NYN,NL,East,NL - East
NYN,2010,NL,East,NYN,NL,East,NL - East,NYN,NL,East,NL - East
NYN,2011,NL,East,NYN,NL,East,NL - East,NYN,NL,East,NL - East
NYN,2012,NL,East,NYN,NL,East,NL - East,NYN,NL,East,NL - East
NYN,2013,NL,East,NYN,NL,East,NL - East,NYN,NL,East,NL - East
NYN,2014,NL,East,NYN,NL,East,NL - East,NYN,NL,East,NL - East
NYN,2015,NL,East,NYN,NL,East,NL - East,NYN,NL,East,NL - East
NYN,2016,NL,East,NYN,NL,East,NL - East,NYN,NL,East,NL - East
NYN,2017,NL,East,NYN,NL,East,NL - East,NYN,NL,East,NL - East
NYN,2018,NL,East,NYN,NL,East,NL - East,NYN,NL,East,NL - East
NYN,2019,NL,East,NYN,NL,East,NL - East,NYN,NL,East,NL - East
OAK,1969,AL,West,OAK,AL,West,AL - West,OAK,AL,West,AL - West
OAK,1970,AL,West,OAK,AL,West,AL - West,OAK,AL,West,AL - West
OAK,1971,AL,West,OAK,AL,West,AL - West,OAK,AL,West,AL - West
OAK,1972,AL,West,OAK,AL,West,AL - West,OAK,AL,West,AL - West
OAK,1973,AL,West,OAK,AL,West,AL - West,OAK,AL,West,AL - West
OAK,1974,AL,West,OAK,AL,West,AL - West,OAK,AL,West,AL - West
OAK,1975,AL,West,OAK,AL,West,AL - West,OAK,AL,West,AL - West
OAK,1976,AL,West,OAK,AL,West,AL - West,OAK,AL,West,AL - West
OAK,1977,AL,West,OAK,AL,West,AL - West,OAK,AL,West,AL - West
OAK,1978,AL,West,OAK,AL,West,AL - West,OAK,AL,West,AL - West
OAK,1979,AL,West,OAK,AL,West,AL - West,OAK,AL,West,AL - West
OAK,1980,AL,West,OAK,AL,West,AL - West,OAK,AL,West,AL - West
OAK,1981,AL,West,OAK,AL,West,AL - West,OAK,AL,West,AL - West
OAK,1982,AL,West,OAK,AL,West,AL - West,OAK,AL,West,AL - West
OAK,1983,AL,West,OAK,AL,West,AL - West,OAK,AL,West,AL - West
OAK,1984,AL,West,OAK,AL,West,AL - West,OAK,AL,West,AL - West
OAK,1985,AL,West,OAK,AL,West,AL - West,OAK,AL,West,AL - West
OAK,1986,AL,West,OAK,AL,West,AL - West,OAK,AL,West,AL - West
OAK,1987,AL,West,OAK,AL,West,AL - West,OAK,AL,West,AL - West
OAK,1988,AL,West,OAK,AL,West,AL - West,OAK,AL,West,AL - West
OAK,1989,AL,West,OAK,AL,West,AL - West,OAK,AL,West,AL - West
OAK,1990,AL,West,OAK,AL,West,AL - West,OAK,AL,West,AL - West
OAK,1991,AL,West,OAK,AL,West,AL - West,OAK,AL,West,AL - West
OAK,1992,AL,West,OAK,AL,West,AL - West,OAK,AL,West,AL - West
OAK,1993,AL,West,OAK,AL,West,AL - West,OAK,AL,West,AL - West
OAK,1994,AL,West,OAK,AL,West,AL - West,OAK,AL,West,AL - West
OAK,1995,AL,West,OAK,AL,West,AL - West,OAK,AL,West,AL - West
OAK,1996,AL,West,OAK,AL,West,AL - West,OAK,AL,West,AL - West
OAK,1997,AL,West,OAK,AL,West,AL - West,OAK,AL,West,AL - West
OAK,1998,AL,West,OAK,AL,West,AL - West,OAK,AL,West,AL - West
OAK,1999,AL,West,OAK,AL,West,AL - West,OAK,AL,West,AL - West
OAK,2000,AL,West,OAK,AL,West,AL - West,OAK,AL,West,AL - West
OAK,2001,AL,West,OAK,AL,West,AL - West,OAK,AL,West,AL - West
OAK,2002,AL,West,OAK,AL,West,AL - West,OAK,AL,West,AL - West
OAK,2003,AL,West,OAK,AL,West,AL - West,OAK,AL,West,AL - West
OAK,2004,AL,West,OAK,AL,West,AL - West,OAK,AL,West,AL - West
OAK,2005,AL,West,OAK,AL,West,AL - West,OAK,AL,West,AL - West
OAK,2006,AL,West,OAK,AL,West,AL - West,OAK,AL,West,AL - West
OAK,2007,AL,West,OAK,AL,West,AL - West,OAK,AL,West,AL - West
OAK,2008,AL,West,OAK,AL,West,AL - West,OAK,AL,West,AL - West
OAK,2009,AL,West,OAK,AL,West,AL - West,OAK,AL,West,AL - West
OAK,2010,AL,West,OAK,AL,West,AL - West,OAK,AL,West,AL - West
OAK,2011,AL,West,OAK,AL,West,AL - West,OAK,AL,West,AL - West
OAK,2012,AL,West,OAK,AL,West,AL - West,OAK,AL,West,AL - West
OAK,2013,AL,West,OAK,AL,West,AL - West,OAK,AL,West,AL - West
OAK,2014,AL,West,OAK,AL,West,AL - West,OAK,AL,West,AL - West
OAK,2015,AL,West,OAK,AL,West,AL - West,OAK,AL,West,AL - West
OAK,2016,AL,West,OAK,AL,West,AL - West,OAK,AL,West,AL - West
OAK,2017,AL,West,OAK,AL,West,AL - West,OAK,AL,West,AL - West
OAK,2018,AL,West,OAK,AL,West,AL - West,OAK,AL,West,AL - West
OAK,2019,AL,West,OAK,AL,West,AL - West,OAK,AL,West,AL - West
PHI,1969,NL,East,PHI,NL,East,NL - East,PHI,NL,East,NL - East
PHI,1970,NL,East,PHI,NL,East,NL - East,PHI,NL,East,NL - East
PHI,1971,NL,East,PHI,NL,East,NL - East,PHI,NL,East,NL - East
PHI,1972,NL,East,PHI,NL,East,NL - East,PHI,NL,East,NL - East
PHI,1973,NL,East,PHI,NL,East,NL - East,PHI,NL,East,NL - East
PHI,1974,NL,East,PHI,NL,East,NL - East,PHI,NL,East,NL - East
PHI,1975,NL,East,PHI,NL,East,NL - East,PHI,NL,East,NL - East
PHI,1976,NL,East,PHI,NL,East,NL - East,PHI,NL,East,NL - East
PHI,1977,NL,East,PHI,NL,East,NL - East,PHI,NL,East,NL - East
PHI,1978,NL,East,PHI,NL,East,NL - East,PHI,NL,East,NL - East
PHI,1979,NL,East,PHI,NL,East,NL - East,PHI,NL,East,NL - East
PHI,1980,NL,East,PHI,NL,East,NL - East,PHI,NL,East,NL - East
PHI,1981,NL,East,PHI,NL,East,NL - East,PHI,NL,East,NL - East
PHI,1982,NL,East,PHI,NL,East,NL - East,PHI,NL,East,NL - East
PHI,1983,NL,East,PHI,NL,East,NL - East,PHI,NL,East,NL - East
PHI,1984,NL,East,PHI,NL,East,NL - East,PHI,NL,East,NL - East
PHI,1985,NL,East,PHI,NL,East,NL - East,PHI,NL,East,NL - East
PHI,1986,NL,East,PHI,NL,East,NL - East,PHI,NL,East,NL - East
PHI,1987,NL,East,PHI,NL,East,NL - East,PHI,NL,East,NL - East
PHI,1988,NL,East,PHI,NL,East,NL - East,PHI,NL,East,NL - East
PHI,1989,NL,East,PHI,NL,East,NL - East,PHI,NL,East,NL - East
PHI,1990,NL,East,PHI,NL,East,NL - East,PHI,NL,East,NL - East
PHI,1991,NL,East,PHI,NL,East,NL - East,PHI,NL,East,NL - East
PHI,1992,NL,East,PHI,NL,East,NL - East,PHI,NL,East,NL - East
PHI,1993,NL,East,PHI,NL,East,NL - East,PHI,NL,East,NL - East
PHI,1994,NL,East,PHI,NL,East,NL - East,PHI,NL,East,NL - East
PHI,1995,NL,East,PHI,NL,East,NL - East,PHI,NL,East,NL - East
PHI,1996,NL,East,PHI,NL,East,NL - East,PHI,NL,East,NL - East
PHI,1997,NL,East,PHI,NL,East,NL - East,PHI,NL,East,NL - East
PHI,1998,NL,East,PHI,NL,East,NL - East,PHI,NL,East,NL - East
PHI,1999,NL,East,PHI,NL,East,NL - East,PHI,NL,East,NL - East
PHI,2000,NL,East,PHI,NL,East,NL - East,PHI,NL,East,NL - East
PHI,2001,NL,East,PHI,NL,East,NL - East,PHI,NL,East,NL - East
PHI,2002,NL,East,PHI,NL,East,NL - East,PHI,NL,East,NL - East
PHI,2003,NL,East,PHI,NL,East,NL - East,PHI,NL,East,NL - East
PHI,2004,NL,East,PHI,NL,East,NL - East,PHI,NL,East,NL - East
PHI,2005,NL,East,PHI,NL,East,NL - East,PHI,NL,East,NL - East
PHI,2006,NL,East,PHI,NL,East,NL - East,PHI,NL,East,NL - East
PHI,2007,NL,East,PHI,NL,East,NL - East,PHI,NL,East,NL - East
PHI,2008,NL,East,PHI,NL,East,NL - East,PHI,NL,East,NL - East
PHI,2009,NL,East,PHI,NL,East,NL - East,PHI,NL,East,NL - East
PHI,2010,NL,East,PHI,NL,East,NL - East,PHI,NL,East,NL - East
PHI,2011,NL,East,PHI,NL,East,NL - East,PHI,NL,East,NL - East
PHI,2012,NL,East,PHI,NL,East,NL - East,PHI,NL,East,NL - East
PHI,2013,NL,East,PHI,NL,East,NL - East,PHI,NL,East,NL - East
PHI,2014,NL,East,PHI,NL,East,NL - East,PHI,NL,East,NL - East
PHI,2015,NL,East,PHI,NL,East,NL - East,PHI,NL,East,NL - East
PHI,2016,NL,East,PHI,NL,East,NL - East,PHI,NL,East,NL - East
PHI,2017,NL,East,PHI,NL,East,NL - East,PHI,NL,East,NL - East
PHI,2018,NL,East,PHI,NL,East,NL - East,PHI,NL,East,NL - East
PHI,2019,NL,East,PHI,NL,East,NL - East,PHI,NL,East,NL - East
PIT,1969,NL,East,PIT,NL,East,NL - East,PIT,NL,East,NL - East
PIT,1970,NL,East,PIT,NL,East,NL - East,PIT,NL,East,NL - East
PIT,1971,NL,East,PIT,NL,East,NL - East,PIT,NL,East,NL - East
PIT,1972,NL,East,PIT,NL,East,NL - East,PIT,NL,East,NL - East
PIT,1973,NL,East,PIT,NL,East,NL - East,PIT,NL,East,NL - East
PIT,1974,NL,East,PIT,NL,East,NL - East,PIT,NL,East,NL - East
PIT,1975,NL,East,PIT,NL,East,NL - East,PIT,NL,East,NL - East
PIT,1976,NL,East,PIT,NL,East,NL - East,PIT,NL,East,NL - East
PIT,1977,NL,East,PIT,NL,East,NL - East,PIT,NL,East,NL - East
PIT,1978,NL,East,PIT,NL,East,NL - East,PIT,NL,East,NL - East
PIT,1979,NL,East,PIT,NL,East,NL - East,PIT,NL,East,NL - East
PIT,1980,NL,East,PIT,NL,East,NL - East,PIT,NL,East,NL - East
PIT,1981,NL,East,PIT,NL,East,NL - East,PIT,NL,East,NL - East
PIT,1982,NL,East,PIT,NL,East,NL - East,PIT,NL,East,NL - East
PIT,1983,NL,East,PIT,NL,East,NL - East,PIT,NL,East,NL - East
PIT,1984,NL,East,PIT,NL,East,NL - East,PIT,NL,East,NL - East
PIT,1985,NL,East,PIT,NL,East,NL - East,PIT,NL,East,NL - East
PIT,1986,NL,East,PIT,NL,East,NL - East,PIT,NL,East,NL - East
PIT,1987,NL,East,PIT,NL,East,NL - East,PIT,NL,East,NL - East
PIT,1988,NL,East,PIT,NL,East,NL - East,PIT,NL,East,NL - East
PIT,1989,NL,East,PIT,NL,East,NL - East,PIT,NL,East,NL - East
PIT,1990,NL,East,PIT,NL,East,NL - East,PIT,NL,East,NL - East
PIT,1991,NL,East,PIT,NL,East,NL - East,PIT,NL,East,NL - East
PIT,1992,NL,East,PIT,NL,East,NL - East,PIT,NL,East,NL - East
PIT,1993,NL,East,PIT,NL,East,NL - East,PIT,NL,East,NL - East
PIT,1994,NL,Central,PIT,NL,Central,NL - Central,PIT,NL,Central,NL - Central
PIT,1995,NL,Central,PIT,NL,Central,NL - Central,PIT,NL,Central,NL - Central
PIT,1996,NL,Central,PIT,NL,Central,NL - Central,PIT,NL,Central,NL - Central
PIT,1997,NL,Central,PIT,NL,Central,NL - Central,PIT,NL,Central,NL - Central
PIT,1998,NL,Central,PIT,NL,Central,NL - Central,PIT,NL,Central,NL - Central
PIT,1999,NL,Central,PIT,NL,Central,NL - Central,PIT,NL,Central,NL - Central
PIT,2000,NL,Central,PIT,NL,Central,NL - Central,PIT,NL,Central,NL - Central
PIT,2001,NL,Central,PIT,NL,Central,NL - Central,PIT,NL,Central,NL - Central
PIT,2002,NL,Central,PIT,NL,Central,NL - Central,PIT,NL,Central,NL - Central
PIT,2003,NL,Central,PIT,NL,Central,NL - Central,PIT,NL,Central,NL - Central
PIT,2004,NL,Central,PIT,NL,Central,NL - Central,PIT,NL,Central,NL - Central
PIT,2005,NL,Central,PIT,NL,Central,NL - Central,PIT,NL,Central,NL - Central
PIT,2006,NL,Central,PIT,NL,Central,NL - Central,PIT,NL,Central,NL - Central
PIT,2007,NL,Central,PIT,NL,Central,NL - Central,PIT,NL,Central,NL - Central
PIT,2008,NL,Central,PIT,NL,Central,NL - Central,PIT,NL,Central,NL - Central
PIT,2009,NL,Central,PIT,NL,Central,NL - Central,PIT,NL,Central,NL - Central
PIT,2010,NL,Central,PIT,NL,Central,NL - Central,PIT,NL,Central,NL - Central
PIT,2011,NL,Central,PIT,NL,Central,NL - Central,PIT,NL,Central,NL - Central
PIT,2012,NL,Central,PIT,NL,Central,NL - Central,PIT,NL,Central,NL - Central
PIT,2013,NL,Central,PIT,NL,Central,NL - Central,PIT,NL,Central,NL - Central
PIT,2014,NL,Central,PIT,NL,Central,NL - Central,PIT,NL,Central,NL - Central
PIT,2015,NL,Central,PIT,NL,Central,NL - Central,PIT,NL,Central,NL - Central
PIT,2016,NL,Central,PIT,NL,Central,NL - Central,PIT,NL,Central,NL - Central
PIT,2017,NL,Central,PIT,NL,Central,NL - Central,PIT,NL,Central,NL - Central
PIT,2018,NL,Central,PIT,NL,Central,NL - Central,PIT,NL,Central,NL - Central
PIT,2019,NL,Central,PIT,NL,Central,NL - Central,PIT,NL,Central,NL - Central
SDN,1969,NL,West,SDN,NL,West,NL - West,SDN,NL,West,NL - West
SDN,1970,NL,West,SDN,NL,West,NL - West,SDN,NL,West,NL - West
SDN,1971,NL,West,SDN,NL,West,NL - West,SDN,NL,West,NL - West
SDN,1972,NL,West,SDN,NL,West,NL - West,SDN,NL,West,NL - West
SDN,1973,NL,West,SDN,NL,West,NL - West,SDN,NL,West,NL - West
SDN,1974,NL,West,SDN,NL,West,NL - West,SDN,NL,West,NL - West
SDN,1975,NL,West,SDN,NL,West,NL - West,SDN,NL,West,NL - West
SDN,1976,NL,West,SDN,NL,West,NL - West,SDN,NL,West,NL - West
SDN,1977,NL,West,SDN,NL,West,NL - West,SDN,NL,West,NL - West
SDN,1978,NL,West,SDN,NL,West,NL - West,SDN,NL,West,NL - West
SDN,1979,NL,West,SDN,NL,West,NL - West,SDN,NL,West,NL - West
SDN,1980,NL,West,SDN,NL,West,NL - West,SDN,NL,West,NL - West
SDN,1981,NL,West,SDN,NL,West,NL - West,SDN,NL,West,NL - West
SDN,1982,NL,West,SDN,NL,West,NL - West,SDN,NL,West,NL - West
SDN,1983,NL,West,SDN,NL,West,NL - West,SDN,NL,West,NL - West
SDN,1984,NL,West,SDN,NL,West,NL - West,SDN,NL,West,NL - West
SDN,1985,NL,West,SDN,NL,West,NL - West,SDN,NL,West,NL - West
SDN,1986,NL,West,SDN,NL,West,NL - West,SDN,NL,West,NL - West
SDN,1987,NL,West,SDN,NL,West,NL - West,SDN,NL,West,NL - West
SDN,1988,NL,West,SDN,NL,West,NL - West,SDN,NL,West,NL - West
SDN,1989,NL,West,SDN,NL,West,NL - West,SDN,NL,West,NL - West
SDN,1990,NL,West,SDN,NL,West,NL - West,SDN,NL,West,NL - West
SDN,1991,NL,West,SDN,NL,West,NL - West,SDN,NL,West,NL - West
SDN,1992,NL,West,SDN,NL,West,NL - West,SDN,NL,West,NL - West
SDN,1993,NL,West,SDN,NL,West,NL - West,SDN,NL,West,NL - West
SDN,1994,NL,West,SDN,NL,West,NL - West,SDN,NL,West,NL - West
SDN,1995,NL,West,SDN,NL,West,NL - West,SDN,NL,West,NL - West
SDN,1996,NL,West,SDN,NL,West,NL - West,SDN,NL,West,NL - West
SDN,1997,NL,West,SDN,NL,West,NL - West,SDN,NL,West,NL - West
SDN,1998,NL,West,SDN,NL,West,NL - West,SDN,NL,West,NL - West
SDN,1999,NL,West,SDN,NL,West,NL - West,SDN,NL,West,NL - West
SDN,2000,NL,West,SDN,NL,West,NL - West,SDN,NL,West,NL - West
SDN,2001,NL,West,SDN,NL,West,NL - West,SDN,NL,West,NL - West
SDN,2002,NL,West,SDN,NL,West,NL - West,SDN,NL,West,NL - West
SDN,2003,NL,West,SDN,NL,West,NL - West,SDN,NL,West,NL - West
SDN,2004,NL,West,SDN,NL,West,NL - West,SDN,NL,West,NL - West
SDN,2005,NL,West,SDN,NL,West,NL - West,SDN,NL,West,NL - West
SDN,2006,NL,West,SDN,NL,West,NL - West,SDN,NL,West,NL - West
SDN,2007,NL,West,SDN,NL,West,NL - West,SDN,NL,West,NL - West
SDN,2008,NL,West,SDN,NL,West,NL - West,SDN,NL,West,NL - West
SDN,2009,NL,West,SDN,NL,West,NL - West,SDN,NL,West,NL - West
SDN,2010,NL,West,SDN,NL,West,NL - West,SDN,NL,West,NL - West
SDN,2011,NL,West,SDN,NL,West,NL - West,SDN,NL,West,NL - West
SDN,2012,NL,West,SDN,NL,West,NL - West,SDN,NL,West,NL - West
SDN,2013,NL,West,SDN,NL,West,NL - West,SDN,NL,West,NL - West
SDN,2014,NL,West,SDN,NL,West,NL - West,SDN,NL,West,NL - West
SDN,2015,NL,West,SDN,NL,West,NL - West,SDN,NL,West,NL - West
SDN,2016,NL,West,SDN,NL,West,NL - West,SDN,NL,West,NL - West
SDN,2017,NL,West,SDN,NL,West,NL - West,SDN,NL,West,NL - West
SDN,2018,NL,West,SDN,NL,West,NL - West,SDN,NL,West,NL - West
SDN,2019,NL,West,SDN,NL,West,NL - West,SDN,NL,West,NL - West
SEA,1977,AL,West,SEA,AL,West,AL - West,SEA,AL,West,AL - West
SEA,1978,AL,West,SEA,AL,West,AL - West,SEA,AL,West,AL - West
SEA,1979,AL,West,SEA,AL,West,AL - West,SEA,AL,West,AL - West
SEA,1980,AL,West,SEA,AL,West,AL - West,SEA,AL,West,AL - West
SEA,1981,AL,West,SEA,AL,West,AL - West,SEA,AL,West,AL - West
SEA,1982,AL,West,SEA,AL,West,AL - West,SEA,AL,West,AL - West
SEA,1983,AL,West,SEA,AL,West,AL - West,SEA,AL,West,AL - West
SEA,1984,AL,West,SEA,AL,West,AL - West,SEA,AL,West,AL - West
SEA,1985,AL,West,SEA,AL,West,AL - West,SEA,AL,West,AL - West
SEA,1986,AL,West,SEA,AL,West,AL - West,SEA,AL,West,AL - West
SEA,1987,AL,West,SEA,AL,West,AL - West,SEA,AL,West,AL - West
SEA,1988,AL,West,SEA,AL,West,AL - West,SEA,AL,West,AL - West
SEA,1989,AL,West,SEA,AL,West,AL - West,SEA,AL,West,AL - West
SEA,1990,AL,West,SEA,AL,West,AL - West,SEA,AL,West,AL - West
SEA,1991,AL,West,SEA,AL,West,AL - West,SEA,AL,West,AL - West
SEA,1992,AL,West,SEA,AL,West,AL - West,SEA,AL,West,AL - West
SEA,1993,AL,West,SEA,AL,West,AL - West,SEA,AL,West,AL - West
SEA,1994,AL,West,SEA,AL,West,AL - West,SEA,AL,West,AL - West
SEA,1995,AL,West,SEA,AL,West,AL - West,SEA,AL,West,AL - West
SEA,1996,AL,West,SEA,AL,West,AL - West,SEA,AL,West,AL - West
SEA,1997,AL,West,SEA,AL,West,AL - West,SEA,AL,West,AL - West
SEA,1998,AL,West,SEA,AL,West,AL - West,SEA,AL,West,AL - West
SEA,1999,AL,West,SEA,AL,West,AL - West,SEA,AL,West,AL - West
SEA,2000,AL,West,SEA,AL,West,AL - West,SEA,AL,West,AL - West
SEA,2001,AL,West,SEA,AL,West,AL - West,SEA,AL,West,AL - West
SEA,2002,AL,West,SEA,AL,West,AL - West,SEA,AL,West,AL - West
SEA,2003,AL,West,SEA,AL,West,AL - West,SEA,AL,West,AL - West
SEA,2004,AL,West,SEA,AL,West,AL - West,SEA,AL,West,AL - West
SEA,2005,AL,West,SEA,AL,West,AL - West,SEA,AL,West,AL - West
SEA,2006,AL,West,SEA,AL,West,AL - West,SEA,AL,West,AL - West
SEA,2007,AL,West,SEA,AL,West,AL - West,SEA,AL,West,AL - West
SEA,2008,AL,West,SEA,AL,West,AL - West,SEA,AL,West,AL - West
SEA,2009,AL,West,SEA,AL,West,AL - West,SEA,AL,West,AL - West
SEA,2010,AL,West,SEA,AL,West,AL - West,SEA,AL,West,AL - West
SEA,2011,AL,West,SEA,AL,West,AL - West,SEA,AL,West,AL - West
SEA,2012,AL,West,SEA,AL,West,AL - West,SEA,AL,West,AL - West
SEA,2013,AL,West,SEA,AL,West,AL - West,SEA,AL,West,AL - West
SEA,2014,AL,West,SEA,AL,West,AL - West,SEA,AL,West,AL - West
SEA,2015,AL,West,SEA,AL,West,AL - West,SEA,AL,West,AL - West
SEA,2016,AL,West,SEA,AL,West,AL - West,SEA,AL,West,AL - West
SEA,2017,AL,West,SEA,AL,West,AL - West,SEA,AL,West,AL - West
SEA,2018,AL,West,SEA,AL,West,AL - West,SEA,AL,West,AL - West
SEA,2019,AL,West,SEA,AL,West,AL - West,SEA,AL,West,AL - West
SFN,1969,NL,West,SFN,NL,West,NL - West,SFN,NL,West,NL - West
SFN,1970,NL,West,SFN,NL,West,NL - West,SFN,NL,West,NL - West
SFN,1971,NL,West,SFN,NL,West,NL - West,SFN,NL,West,NL - West
SFN,1972,NL,West,SFN,NL,West,NL - West,SFN,NL,West,NL - West
SFN,1973,NL,West,SFN,NL,West,NL - West,SFN,NL,West,NL - West
SFN,1974,NL,West,SFN,NL,West,NL - West,SFN,NL,West,NL - West
SFN,1975,NL,West,SFN,NL,West,NL - West,SFN,NL,West,NL - West
SFN,1976,NL,West,SFN,NL,West,NL - West,SFN,NL,West,NL - West
SFN,1977,NL,West,SFN,NL,West,NL - West,SFN,NL,West,NL - West
SFN,1978,NL,West,SFN,NL,West,NL - West,SFN,NL,West,NL - West
SFN,1979,NL,West,SFN,NL,West,NL - West,SFN,NL,West,NL - West
SFN,1980,NL,West,SFN,NL,West,NL - West,SFN,NL,West,NL - West
SFN,1981,NL,West,SFN,NL,West,NL - West,SFN,NL,West,NL - West
SFN,1982,NL,West,SFN,NL,West,NL - West,SFN,NL,West,NL - West
SFN,1983,NL,West,SFN,NL,West,NL - West,SFN,NL,West,NL - West
SFN,1984,NL,West,SFN,NL,West,NL - West,SFN,NL,West,NL - West
SFN,1985,NL,West,SFN,NL,West,NL - West,SFN,NL,West,NL - West
SFN,1986,NL,West,SFN,NL,West,NL - West,SFN,NL,West,NL - West
SFN,1987,NL,West,SFN,NL,West,NL - West,SFN,NL,West,NL - West
SFN,1988,NL,West,SFN,NL,West,NL - West,SFN,NL,West,NL - West
SFN,1989,NL,West,SFN,NL,West,NL - West,SFN,NL,West,NL - West
SFN,1990,NL,West,SFN,NL,West,NL - West,SFN,NL,West,NL - West
SFN,1991,NL,West,SFN,NL,West,NL - West,SFN,NL,West,NL - West
SFN,1992,NL,West,SFN,NL,West,NL - West,SFN,NL,West,NL - West
SFN,1993,NL,West,SFN,NL,West,NL - West,SFN,NL,West,NL - West
SFN,1994,NL,West,SFN,NL,West,NL - West,SFN,NL,West,NL - West
SFN,1995,NL,West,SFN,NL,West,NL - West,SFN,NL,West,NL - West
SFN,1996,NL,West,SFN,NL,West,NL - West,SFN,NL,West,NL - West
SFN,1997,NL,West,SFN,NL,West,NL - West,SFN,NL,West,NL - West
SFN,1998,NL,West,SFN,NL,West,NL - West,SFN,NL,West,NL - West
SFN,1999,NL,West,SFN,NL,West,NL - West,SFN,NL,West,NL - West
SFN,2000,NL,West,SFN,NL,West,NL - West,SFN,NL,West,NL - West
SFN,2001,NL,West,SFN,NL,West,NL - West,SFN,NL,West,NL - West
SFN,2002,NL,West,SFN,NL,West,NL - West,SFN,NL,West,NL - West
SFN,2003,NL,West,SFN,NL,West,NL - West,SFN,NL,West,NL - West
SFN,2004,NL,West,SFN,NL,West,NL - West,SFN,NL,West,NL - West
SFN,2005,NL,West,SFN,NL,West,NL - West,SFN,NL,West,NL - West
SFN,2006,NL,West,SFN,NL,West,NL - West,SFN,NL,West,NL - West
SFN,2007,NL,West,SFN,NL,West,NL - West,SFN,NL,West,NL - West
SFN,2008,NL,West,SFN,NL,West,NL - West,SFN,NL,West,NL - West
SFN,2009,NL,West,SFN,NL,West,NL - West,SFN,NL,West,NL - West
SFN,2010,NL,West,SFN,NL,West,NL - West,SFN,NL,West,NL - West
SFN,2011,NL,West,SFN,NL,West,NL - West,SFN,NL,West,NL - West
SFN,2012,NL,West,SFN,NL,West,NL - West,SFN,NL,West,NL - West
SFN,2013,NL,West,SFN,NL,West,NL - West,SFN,NL,West,NL - West
SFN,2014,NL,West,SFN,NL,West,NL - West,SFN,NL,West,NL - West
SFN,2015,NL,West,SFN,NL,West,NL - West,SFN,NL,West,NL - West
SFN,2016,NL,West,SFN,NL,West,NL - West,SFN,NL,West,NL - West
SFN,2017,NL,West,SFN,NL,West,NL - West,SFN,NL,West,NL - West
SFN,2018,NL,West,SFN,NL,West,NL - West,SFN,NL,West,NL - West
SFN,2019,NL,West,SFN,NL,West,NL - West,SFN,NL,West,NL - West
SLN,1969,NL,East,SLN,NL,East,NL - East,SLN,NL,East,NL - East
SLN,1970,NL,East,SLN,NL,East,NL - East,SLN,NL,East,NL - East
SLN,1971,NL,East,SLN,NL,East,NL - East,SLN,NL,East,NL - East
SLN,1972,NL,East,SLN,NL,East,NL - East,SLN,NL,East,NL - East
SLN,1973,NL,East,SLN,NL,East,NL - East,SLN,NL,East,NL - East
SLN,1974,NL,East,SLN,NL,East,NL - East,SLN,NL,East,NL - East
SLN,1975,NL,East,SLN,NL,East,NL - East,SLN,NL,East,NL - East
SLN,1976,NL,East,SLN,NL,East,NL - East,SLN,NL,East,NL - East
SLN,1977,NL,East,SLN,NL,East,NL - East,SLN,NL,East,NL - East
SLN,1978,NL,East,SLN,NL,East,NL - East,SLN,NL,East,NL - East
SLN,1979,NL,East,SLN,NL,East,NL - East,SLN,NL,East,NL - East
SLN,1980,NL,East,SLN,NL,East,NL - East,SLN,NL,East,NL - East
SLN,1981,NL,East,SLN,NL,East,NL - East,SLN,NL,East,NL - East
SLN,1982,NL,East,SLN,NL,East,NL - East,SLN,NL,East,NL - East
SLN,1983,NL,East,SLN,NL,East,NL - East,SLN,NL,East,NL - East
SLN,1984,NL,East,SLN,NL,East,NL - East,SLN,NL,East,NL - East
SLN,1985,NL,East,SLN,NL,East,NL - East,SLN,NL,East,NL - East
SLN,1986,NL,East,SLN,NL,East,NL - East,SLN,NL,East,NL - East
SLN,1987,NL,East,SLN,NL,East,NL - East,SLN,NL,East,NL - East
SLN,1988,NL,East,SLN,NL,East,NL - East,SLN,NL,East,NL - East
SLN,1989,NL,East,SLN,NL,East,NL - East,SLN,NL,East,NL - East
SLN,1990,NL,East,SLN,NL,East,NL - East,SLN,NL,East,NL - East
SLN,1991,NL,East,SLN,NL,East,NL - East,SLN,NL,East,NL - East
SLN,1992,NL,East,SLN,NL,East,NL - East,SLN,NL,East,NL - East
SLN,1993,NL,East,SLN,NL,East,NL - East,SLN,NL,East,NL - East
SLN,1994,NL,Central,SLN,NL,Central,NL - Central,SLN,NL,Central,NL - Central
SLN,1995,NL,Central,SLN,NL,Central,NL - Central,SLN,NL,Central,NL - Central
SLN,1996,NL,Central,SLN,NL,Central,NL - Central,SLN,NL,Central,NL - Central
SLN,1997,NL,Central,SLN,NL,Central,NL - Central,SLN,NL,Central,NL - Central
SLN,1998,NL,Central,SLN,NL,Central,NL - Central,SLN,NL,Central,NL - Central
SLN,1999,NL,Central,SLN,NL,Central,NL - Central,SLN,NL,Central,NL - Central
SLN,2000,NL,Central,SLN,NL,Central,NL - Central,SLN,NL,Central,NL - Central
SLN,2001,NL,Central,SLN,NL,Central,NL - Central,SLN,NL,Central,NL - Central
SLN,2002,NL,Central,SLN,NL,Central,NL - Central,SLN,NL,Central,NL - Central
SLN,2003,NL,Central,SLN,NL,Central,NL - Central,SLN,NL,Central,NL - Central
SLN,2004,NL,Central,SLN,NL,Central,NL - Central,SLN,NL,Central,NL - Central
SLN,2005,NL,Central,SLN,NL,Central,NL - Central,SLN,NL,Central,NL - Central
SLN,2006,NL,Central,SLN,NL,Central,NL - Central,SLN,NL,Central,NL - Central
SLN,2007,NL,Central,SLN,NL,Central,NL - Central,SLN,NL,Central,NL - Central
SLN,2008,NL,Central,SLN,NL,Central,NL - Central,SLN,NL,Central,NL - Central
SLN,2009,NL,Central,SLN,NL,Central,NL - Central,SLN,NL,Central,NL - Central
SLN,2010,NL,Central,SLN,NL,Central,NL - Central,SLN,NL,Central,NL - Central
SLN,2011,NL,Central,SLN,NL,Central,NL - Central,SLN,NL,Central,NL - Central
SLN,2012,NL,Central,SLN,NL,Central,NL - Central,SLN,NL,Central,NL - Central
SLN,2013,NL,Central,SLN,NL,Central,NL - Central,SLN,NL,Central,NL - Central
SLN,2014,NL,Central,SLN,NL,Central,NL - Central,SLN,NL,Central,NL - Central
SLN,2015,NL,Central,SLN,NL,Central,NL - Central,SLN,NL,Central,NL - Central
SLN,2016,NL,Central,SLN,NL,Central,NL - Central,SLN,NL,Central,NL - Central
SLN,2017,NL,Central,SLN,NL,Central,NL - Central,SLN,NL,Central,NL - Central
SLN,2018,NL,Central,SLN,NL,Central,NL - Central,SLN,NL,Central,NL - Central
SLN,2019,NL,Central,SLN,NL,Central,NL - Central,SLN,NL,Central,NL - Central
TBA,1998,AL,East,TBA,AL,East,AL - East,TBA,AL,East,AL - East
TBA,1999,AL,East,TBA,AL,East,AL - East,TBA,AL,East,AL - East
TBA,2000,AL,East,TBA,AL,East,AL - East,TBA,AL,East,AL - East
TBA,2001,AL,East,TBA,AL,East,AL - East,TBA,AL,East,AL - East
TBA,2002,AL,East,TBA,AL,East,AL - East,TBA,AL,East,AL - East
TBA,2003,AL,East,TBA,AL,East,AL - East,TBA,AL,East,AL - East
TBA,2004,AL,East,TBA,AL,East,AL - East,TBA,AL,East,AL - East
TBA,2005,AL,East,TBA,AL,East,AL - East,TBA,AL,East,AL - East
TBA,2006,AL,East,TBA,AL,East,AL - East,TBA,AL,East,AL - East
TBA,2007,AL,East,TBA,AL,East,AL - East,TBA,AL,East,AL - East
TBA,2008,AL,East,TBA,AL,East,AL - East,TBA,AL,East,AL - East
TBA,2009,AL,East,TBA,AL,East,AL - East,TBA,AL,East,AL - East
TBA,2010,AL,East,TBA,AL,East,AL - East,TBA,AL,East,AL - East
TBA,2011,AL,East,TBA,AL,East,AL - East,TBA,AL,East,AL - East
TBA,2012,AL,East,TBA,AL,East,AL - East,TBA,AL,East,AL - East
TBA,2013,AL,East,TBA,AL,East,AL - East,TBA,AL,East,AL - East
TBA,2014,AL,East,TBA,AL,East,AL - East,TBA,AL,East,AL - East
TBA,2015,AL,East,TBA,AL,East,AL - East,TBA,AL,East,AL - East
TBA,2016,AL,East,TBA,AL,East,AL - East,TBA,AL,East,AL - East
TBA,2017,AL,East,TBA,AL,East,AL - East,TBA,AL,East,AL - East
TBA,2018,AL,East,TBA,AL,East,AL - East,TBA,AL,East,AL - East
TBA,2019,AL,East,TBA,AL,East,AL - East,TBA,AL,East,AL - East
TEX,1969,AL,East,TEX,AL,East,AL - East,TEX,AL,East,AL - East
TEX,1970,AL,East,TEX,AL,East,AL - East,TEX,AL,East,AL - East
TEX,1971,AL,East,TEX,AL,East,AL - East,TEX,AL,East,AL - East
TEX,1972,AL,West,TEX,AL,West,AL - West,TEX,AL,West,AL - West
TEX,1973,AL,West,TEX,AL,West,AL - West,TEX,AL,West,AL - West
TEX,1974,AL,West,TEX,AL,West,AL - West,TEX,AL,West,AL - West
TEX,1975,AL,West,TEX,AL,West,AL - West,TEX,AL,West,AL - West
TEX,1976,AL,West,TEX,AL,West,AL - West,TEX,AL,West,AL - West
TEX,1977,AL,West,TEX,AL,West,AL - West,TEX,AL,West,AL - West
TEX,1978,AL,West,TEX,AL,West,AL - West,TEX,AL,West,AL - West
TEX,1979,AL,West,TEX,AL,West,AL - West,TEX,AL,West,AL - West
TEX,1980,AL,West,TEX,AL,West,AL - West,TEX,AL,West,AL - West
TEX,1981,AL,West,TEX,AL,West,AL - West,TEX,AL,West,AL - West
TEX,1982,AL,West,TEX,AL,West,AL - West,TEX,AL,West,AL - West
TEX,1983,AL,West,TEX,AL,West,AL - West,TEX,AL,West,AL - West
TEX,1984,AL,West,TEX,AL,West,AL - West,TEX,AL,West,AL - West
TEX,1985,AL,West,TEX,AL,West,AL - West,TEX,AL,West,AL - West
TEX,1986,AL,West,TEX,AL,West,AL - West,TEX,AL,West,AL - West
TEX,1987,AL,West,TEX,AL,West,AL - West,TEX,AL,West,AL - West
TEX,1988,AL,West,TEX,AL,West,AL - West,TEX,AL,West,AL - West
TEX,1989,AL,West,TEX,AL,West,AL - West,TEX,AL,West,AL - West
TEX,1990,AL,West,TEX,AL,West,AL - West,TEX,AL,West,AL - West
TEX,1991,AL,West,TEX,AL,West,AL - West,TEX,AL,West,AL - West
TEX,1992,AL,West,TEX,AL,West,AL - West,TEX,AL,West,AL - West
TEX,1993,AL,West,TEX,AL,West,AL - West,TEX,AL,West,AL - West
TEX,1994,AL,West,TEX,AL,West,AL - West,TEX,AL,West,AL - West
TEX,1995,AL,West,TEX,AL,West,AL - West,TEX,AL,West,AL - West
TEX,1996,AL,West,TEX,AL,West,AL - West,TEX,AL,West,AL - West
TEX,1997,AL,West,TEX,AL,West,AL - West,TEX,AL,West,AL - West
TEX,1998,AL,West,TEX,AL,West,AL - West,TEX,AL,West,AL - West
TEX,1999,AL,West,TEX,AL,West,AL - West,TEX,AL,West,AL - West
TEX,2000,AL,West,TEX,AL,West,AL - West,TEX,AL,West,AL - West
TEX,2001,AL,West,TEX,AL,West,AL - West,TEX,AL,West,AL - West
TEX,2002,AL,West,TEX,AL,West,AL - West,TEX,AL,West,AL - West
TEX,2003,AL,West,TEX,AL,West,AL - West,TEX,AL,West,AL - West
TEX,2004,AL,West,TEX,AL,West,AL - West,TEX,AL,West,AL - West
TEX,2005,AL,West,TEX,AL,West,AL - West,TEX,AL,West,AL - West
TEX,2006,AL,West,TEX,AL,West,AL - West,TEX,AL,West,AL - West
TEX,2007,AL,West,TEX,AL,West,AL - West,TEX,AL,West,AL - West
TEX,2008,AL,West,TEX,AL,West,AL - West,TEX,AL,West,AL - West
TEX,2009,AL,West,TEX,AL,West,AL - West,TEX,AL,West,AL - West
TEX,2010,AL,West,TEX,AL,West,AL - West,TEX,AL,West,AL - West
TEX,2011,AL,West,TEX,AL,West,AL - West,TEX,AL,West,AL - West
TEX,2012,AL,West,TEX,AL,West,AL - West,TEX,AL,West,AL - West
TEX,2013,AL,West,TEX,AL,West,AL - West,TEX,AL,West,AL - West
TEX,2014,AL,West,TEX,AL,West,AL - West,TEX,AL,West,AL - West
TEX,2015,AL,West,TEX,AL,West,AL - West,TEX,AL,West,AL - West
TEX,2016,AL,West,TEX,AL,West,AL - West,TEX,AL,West,AL - West
TEX,2017,AL,West,TEX,AL,West,AL - West,TEX,AL,West,AL - West
TEX,2018,AL,West,TEX,AL,West,AL - West,TEX,AL,West,AL - West
TEX,2019,AL,West,TEX,AL,West,AL - West,TEX,AL,West,AL - West
TOR,1977,AL,East,TOR,AL,East,AL - East,TOR,AL,East,AL - East
TOR,1978,AL,East,TOR,AL,East,AL - East,TOR,AL,East,AL - East
TOR,1979,AL,East,TOR,AL,East,AL - East,TOR,AL,East,AL - East
TOR,1980,AL,East,TOR,AL,East,AL - East,TOR,AL,East,AL - East
TOR,1981,AL,East,TOR,AL,East,AL - East,TOR,AL,East,AL - East
TOR,1982,AL,East,TOR,AL,East,AL - East,TOR,AL,East,AL - East
TOR,1983,AL,East,TOR,AL,East,AL - East,TOR,AL,East,AL - East
TOR,1984,AL,East,TOR,AL,East,AL - East,TOR,AL,East,AL - East
TOR,1985,AL,East,TOR,AL,East,AL - East,TOR,AL,East,AL - East
TOR,1986,AL,East,TOR,AL,East,AL - East,TOR,AL,East,AL - East
TOR,1987,AL,East,TOR,AL,East,AL - East,TOR,AL,East,AL - East
TOR,1988,AL,East,TOR,AL,East,AL - East,TOR,AL,East,AL - East
TOR,1989,AL,East,TOR,AL,East,AL - East,TOR,AL,East,AL - East
TOR,1990,AL,East,TOR,AL,East,AL - East,TOR,AL,East,AL - East
TOR,1991,AL,East,TOR,AL,East,AL - East,TOR,AL,East,AL - East
TOR,1992,AL,East,TOR,AL,East,AL - East,TOR,AL,East,AL - East
TOR,1993,AL,East,TOR,AL,East,AL - East,TOR,AL,East,AL - East
TOR,1994,AL,East,TOR,AL,East,AL - East,TOR,AL,East,AL - East
TOR,1995,AL,East,TOR,AL,East,AL - East,TOR,AL,East,AL - East
TOR,1996,AL,East,TOR,AL,East,AL - East,TOR,AL,East,AL - East
TOR,1997,AL,East,TOR,AL,East,AL - East,TOR,AL,East,AL - East
TOR,1998,AL,East,TOR,AL,East,AL - East,TOR,AL,East,AL - East
TOR,1999,AL,East,TOR,AL,East,AL - East,TOR,AL,East,AL - East
TOR,2000,AL,East,TOR,AL,East,AL - East,TOR,AL,East,AL - East
TOR,2001,AL,East,TOR,AL,East,AL - East,TOR,AL,East,AL - East
TOR,2002,AL,East,TOR,AL,East,AL - East,TOR,AL,East,AL - East
TOR,2003,AL,East,TOR,AL,East,AL - East,TOR,AL,East,AL - East
TOR,2004,AL,East,TOR,AL,East,AL - East,TOR,AL,East,AL - East
TOR,2005,AL,East,TOR,AL,East,AL - East,TOR,AL,East,AL - East
TOR,2006,AL,East,TOR,AL,East,AL - East,TOR,AL,East,AL - East
TOR,2007,AL,East,TOR,AL,East,AL - East,TOR,AL,East,AL - East
TOR,2008,AL,East,TOR,AL,East,AL - East,TOR,AL,East,AL - East
TOR,2009,AL,East,TOR,AL,East,AL - East,TOR,AL,East,AL - East
TOR,2010,AL,East,TOR,AL,East,AL - East,TOR,AL,East,AL - East
TOR,2011,AL,East,TOR,AL,East,AL - East,TOR,AL,East,AL - East
TOR,2012,AL,East,TOR,AL,East,AL - East,TOR,AL,East,AL - East
TOR,2013,AL,East,TOR,AL,East,AL - East,TOR,AL,East,AL - East
TOR,2014,AL,East,TOR,AL,East,AL - East,TOR,AL,East,AL - East
TOR,2015,AL,East,TOR,AL,East,AL - East,TOR,AL,East,AL - East
TOR,2016,AL,East,TOR,AL,East,AL - East,TOR,AL,East,AL - East
TOR,2017,AL,East,TOR,AL,East,AL - East,TOR,AL,East,AL - East
TOR,2018,AL,East,TOR,AL,East,AL - East,TOR,AL,East,AL - East
TOR,2019,AL,East,TOR,AL,East,AL - East,TOR,AL,East,AL - East
WAS,1969,NL,East,WAS,NL,East,NL - East,WAS,NL,East,NL - East
WAS,1970,NL,East,WAS,NL,East,NL - East,WAS,NL,East,NL - East
WAS,1971,NL,East,WAS,NL,East,NL - East,WAS,NL,East,NL - East
WAS,1972,NL,East,WAS,NL,East,NL - East,WAS,NL,East,NL - East
WAS,1973,NL,East,WAS,NL,East,NL - East,WAS,NL,East,NL - East
WAS,1974,NL,East,WAS,NL,East,NL - East,WAS,NL,East,NL - East
WAS,1975,NL,East,WAS,NL,East,NL - East,WAS,NL,East,NL - East
WAS,1976,NL,East,WAS,NL,East,NL - East,WAS,NL,East,NL - East
WAS,1977,NL,East,WAS,NL,East,NL - East,WAS,NL,East,NL - East
WAS,1978,NL,East,WAS,NL,East,NL - East,WAS,NL,East,NL - East
WAS,1979,NL,East,WAS,NL,East,NL - East,WAS,NL,East,NL - East
WAS,1980,NL,East,WAS,NL,East,NL - East,WAS,NL,East,NL - East
WAS,1981,NL,East,WAS,NL,East,NL - East,WAS,NL,East,NL - East
WAS,1982,NL,East,WAS,NL,East,NL - East,WAS,NL,East,NL - East
WAS,1983,NL,East,WAS,NL,East,NL - East,WAS,NL,East,NL - East
WAS,1984,NL,East,WAS,NL,East,NL - East,WAS,NL,East,NL - East
WAS,1985,NL,East,WAS,NL,East,NL - East,WAS,NL,East,NL - East
WAS,1986,NL,East,WAS,NL,East,NL - East,WAS,NL,East,NL - East
WAS,1987,NL,East,WAS,NL,East,NL - East,WAS,NL,East,NL - East
WAS,1988,NL,East,WAS,NL,East,NL - East,WAS,NL,East,NL - East
WAS,1989,NL,East,WAS,NL,East,NL - East,WAS,NL,East,NL - East
WAS,1990,NL,East,WAS,NL,East,NL - East,WAS,NL,East,NL - East
WAS,1991,NL,East,WAS,NL,East,NL - East,WAS,NL,East,NL - East
WAS,1992,NL,East,WAS,NL,East,NL - East,WAS,NL,East,NL - East
WAS,1993,NL,East,WAS,NL,East,NL - East,WAS,NL,East,NL - East
WAS,1994,NL,East,WAS,NL,East,NL - East,WAS,NL,East,NL - East
WAS,1995,NL,East,WAS,NL,East,NL - East,WAS,NL,East,NL - East
WAS,1996,NL,East,WAS,NL,East,NL - East,WAS,NL,East,NL - East
WAS,1997,NL,East,WAS,NL,East,NL - East,WAS,NL,East,NL - East
WAS,1998,NL,East,WAS,NL,East,NL - East,WAS,NL,East,NL - East
WAS,1999,NL,East,WAS,NL,East,NL - East,WAS,NL,East,NL - East
WAS,2000,NL,East,WAS,NL,East,NL - East,WAS,NL,East,NL - East
WAS,2001,NL,East,WAS,NL,East,NL - East,WAS,NL,East,NL - East
WAS,2002,NL,East,WAS,NL,East,NL - East,WAS,NL,East,NL - East
WAS,2003,NL,East,WAS,NL,East,NL - East,WAS,NL,East,NL - East
WAS,2004,NL,East,WAS,NL,East,NL - East,WAS,NL,East,NL - East
WAS,2005,NL,East,WAS,NL,East,NL - East,WAS,NL,East,NL - East
WAS,2006,NL,East,WAS,NL,East,NL - East,WAS,NL,East,NL - East
WAS,2007,NL,East,WAS,NL,East,NL - East,WAS,NL,East,NL - East
WAS,2008,NL,East,WAS,NL,East,NL - East,WAS,NL,East,NL - East
WAS,2009,NL,East,WAS,NL,East,NL - East,WAS,NL,East,NL - East
WAS,2010,NL,East,WAS,NL,East,NL - East,WAS,NL,East,NL - East
WAS,2011,NL,East,WAS,NL,East,NL - East,WAS,NL,East,NL - East
WAS,2012,NL,East,WAS,NL,East,NL - East,WAS,NL,East,NL - East
WAS,2013,NL,East,WAS,NL,East,NL - East,WAS,NL,East,NL - East
WAS,2014,NL,East,WAS,NL,East,NL - East,WAS,NL,East,NL - East
WAS,2015,NL,East,WAS,NL,East,NL - East,WAS,NL,East,NL - East
WAS,2016,NL,East,WAS,NL,East,NL - East,WAS,NL,East,NL - East
WAS,2017,NL,East,WAS,NL,East,NL - East,WAS,NL,East,NL - East
WAS,2018,NL,East,WAS,NL,East,NL - East,WAS,NL,East,NL - East
WAS,2019,NL,East,WAS,NL,East,NL - East,WAS,NL,East,NL - East